"date","tkszs"
"2005/6/10","86.7"
"2005/6/11",""
"2005/6/12",""
"2005/6/13",""
"2005/6/14",""
"2005/6/15",""
"2005/6/16",""
"2005/6/17","84"
"2005/6/18",""
"2005/6/19",""
"2005/6/20",""
"2005/6/21",""
"2005/6/22",""
"2005/6/23",""
"2005/6/24","82"
"2005/6/25",""
"2005/6/26",""
"2005/6/27",""
"2005/6/28",""
"2005/6/29",""
"2005/6/30",""
"2005/7/1","77.6"
"2005/7/2",""
"2005/7/3",""
"2005/7/4",""
"2005/7/5",""
"2005/7/6",""
"2005/7/7",""
"2005/7/8","76.6"
"2005/7/9",""
"2005/7/10",""
"2005/7/11",""
"2005/7/12",""
"2005/7/13",""
"2005/7/14",""
"2005/7/15","77.4"
"2005/7/16",""
"2005/7/17",""
"2005/7/18",""
"2005/7/19",""
"2005/7/20",""
"2005/7/21",""
"2005/7/22","79.8"
"2005/7/23",""
"2005/7/24",""
"2005/7/25",""
"2005/7/26",""
"2005/7/27",""
"2005/7/28",""
"2005/7/29","84.5"
"2005/7/30",""
"2005/7/31",""
"2005/8/1",""
"2005/8/2",""
"2005/8/3",""
"2005/8/4",""
"2005/8/5","89.7"
"2005/8/6",""
"2005/8/7",""
"2005/8/8",""
"2005/8/9",""
"2005/8/10",""
"2005/8/11",""
"2005/8/12","90"
"2005/8/13",""
"2005/8/14",""
"2005/8/15",""
"2005/8/16",""
"2005/8/17",""
"2005/8/18",""
"2005/8/19","89.6"
"2005/8/20",""
"2005/8/21",""
"2005/8/22",""
"2005/8/23",""
"2005/8/24",""
"2005/8/25",""
"2005/8/26","101.8"
"2005/8/27",""
"2005/8/28",""
"2005/8/29",""
"2005/8/30",""
"2005/8/31",""
"2005/9/1",""
"2005/9/2","100.3"
"2005/9/3",""
"2005/9/4",""
"2005/9/5",""
"2005/9/6",""
"2005/9/7",""
"2005/9/8",""
"2005/9/9","90.8"
"2005/9/10",""
"2005/9/11",""
"2005/9/12",""
"2005/9/13",""
"2005/9/14",""
"2005/9/15",""
"2005/9/16","89.8"
"2005/9/17",""
"2005/9/18",""
"2005/9/19",""
"2005/9/20",""
"2005/9/21",""
"2005/9/22",""
"2005/9/23","88.3"
"2005/9/24",""
"2005/9/25",""
"2005/9/26",""
"2005/9/27",""
"2005/9/28",""
"2005/9/29",""
"2005/9/30","88.2"
"2005/10/1",""
"2005/10/2",""
"2005/10/3",""
"2005/10/4",""
"2005/10/5",""
"2005/10/6",""
"2005/10/7","88.2"
"2005/10/8",""
"2005/10/9",""
"2005/10/10",""
"2005/10/11",""
"2005/10/12",""
"2005/10/13",""
"2005/10/14","87.8"
"2005/10/15",""
"2005/10/16",""
"2005/10/17",""
"2005/10/18",""
"2005/10/19",""
"2005/10/20",""
"2005/10/21","87.6"
"2005/10/22",""
"2005/10/23",""
"2005/10/24",""
"2005/10/25",""
"2005/10/26",""
"2005/10/27",""
"2005/10/28","86.6"
"2005/10/29",""
"2005/10/30",""
"2005/10/31",""
"2005/11/1",""
"2005/11/2",""
"2005/11/3",""
"2005/11/4","84.9"
"2005/11/5",""
"2005/11/6",""
"2005/11/7",""
"2005/11/8",""
"2005/11/9",""
"2005/11/10",""
"2005/11/11","84.6"
"2005/11/12",""
"2005/11/13",""
"2005/11/14",""
"2005/11/15",""
"2005/11/16",""
"2005/11/17",""
"2005/11/18","84.6"
"2005/11/19",""
"2005/11/20",""
"2005/11/21",""
"2005/11/22",""
"2005/11/23",""
"2005/11/24",""
"2005/11/25","84.4"
"2005/11/26",""
"2005/11/27",""
"2005/11/28",""
"2005/11/29",""
"2005/11/30",""
"2005/12/1",""
"2005/12/2","85"
"2005/12/3",""
"2005/12/4",""
"2005/12/5",""
"2005/12/6",""
"2005/12/7",""
"2005/12/8",""
"2005/12/9","85.4"
"2005/12/10",""
"2005/12/11",""
"2005/12/12",""
"2005/12/13",""
"2005/12/14",""
"2005/12/15",""
"2005/12/16","84.7"
"2005/12/17",""
"2005/12/18",""
"2005/12/19",""
"2005/12/20",""
"2005/12/21",""
"2005/12/22",""
"2005/12/23","83"
"2005/12/24",""
"2005/12/25",""
"2005/12/26",""
"2005/12/27",""
"2005/12/28",""
"2005/12/29",""
"2005/12/30","83.2"
"2005/12/31",""
"2006/1/1",""
"2006/1/2",""
"2006/1/3",""
"2006/1/4",""
"2006/1/5",""
"2006/1/6","82.5"
"2006/1/7",""
"2006/1/8",""
"2006/1/9",""
"2006/1/10",""
"2006/1/11",""
"2006/1/12",""
"2006/1/13","82.3"
"2006/1/14",""
"2006/1/15",""
"2006/1/16",""
"2006/1/17",""
"2006/1/18",""
"2006/1/19",""
"2006/1/20","81.9"
"2006/1/21",""
"2006/1/22",""
"2006/1/23",""
"2006/1/24",""
"2006/1/25",""
"2006/1/26",""
"2006/1/27","81.9"
"2006/1/28",""
"2006/1/29",""
"2006/1/30",""
"2006/1/31",""
"2006/2/1",""
"2006/2/2",""
"2006/2/3","81.9"
"2006/2/4",""
"2006/2/5",""
"2006/2/6",""
"2006/2/7",""
"2006/2/8",""
"2006/2/9",""
"2006/2/10","82.5"
"2006/2/11",""
"2006/2/12",""
"2006/2/13",""
"2006/2/14",""
"2006/2/15",""
"2006/2/16",""
"2006/2/17","83.3"
"2006/2/18",""
"2006/2/19",""
"2006/2/20",""
"2006/2/21",""
"2006/2/22",""
"2006/2/23",""
"2006/2/24","83.3"
"2006/2/25",""
"2006/2/26",""
"2006/2/27",""
"2006/2/28",""
"2006/3/1",""
"2006/3/2",""
"2006/3/3","83"
"2006/3/4",""
"2006/3/5",""
"2006/3/6",""
"2006/3/7",""
"2006/3/8",""
"2006/3/9",""
"2006/3/10","83.6"
"2006/3/11",""
"2006/3/12",""
"2006/3/13",""
"2006/3/14",""
"2006/3/15",""
"2006/3/16",""
"2006/3/17","83.8"
"2006/3/18",""
"2006/3/19",""
"2006/3/20",""
"2006/3/21",""
"2006/3/22",""
"2006/3/23",""
"2006/3/24","83.7"
"2006/3/25",""
"2006/3/26",""
"2006/3/27",""
"2006/3/28",""
"2006/3/29",""
"2006/3/30",""
"2006/3/31","83.2"
"2006/4/1",""
"2006/4/2",""
"2006/4/3",""
"2006/4/4",""
"2006/4/5",""
"2006/4/6",""
"2006/4/7","83"
"2006/4/8",""
"2006/4/9",""
"2006/4/10",""
"2006/4/11",""
"2006/4/12",""
"2006/4/13",""
"2006/4/14","82.8"
"2006/4/15",""
"2006/4/16",""
"2006/4/17",""
"2006/4/18",""
"2006/4/19",""
"2006/4/20",""
"2006/4/21","82.7"
"2006/4/22",""
"2006/4/23",""
"2006/4/24",""
"2006/4/25",""
"2006/4/26",""
"2006/4/27",""
"2006/4/28","82.6"
"2006/4/29",""
"2006/4/30",""
"2006/5/1",""
"2006/5/2",""
"2006/5/3",""
"2006/5/4",""
"2006/5/5","82.6"
"2006/5/6",""
"2006/5/7",""
"2006/5/8",""
"2006/5/9",""
"2006/5/10",""
"2006/5/11",""
"2006/5/12","82.5"
"2006/5/13",""
"2006/5/14",""
"2006/5/15",""
"2006/5/16",""
"2006/5/17",""
"2006/5/18",""
"2006/5/19","81.7"
"2006/5/20",""
"2006/5/21",""
"2006/5/22",""
"2006/5/23",""
"2006/5/24",""
"2006/5/25",""
"2006/5/26","81.7"
"2006/5/27",""
"2006/5/28",""
"2006/5/29",""
"2006/5/30",""
"2006/5/31",""
"2006/6/1",""
"2006/6/2","82.1"
"2006/6/3",""
"2006/6/4",""
"2006/6/5",""
"2006/6/6",""
"2006/6/7",""
"2006/6/8",""
"2006/6/9","82.9"
"2006/6/10",""
"2006/6/11",""
"2006/6/12",""
"2006/6/13",""
"2006/6/14",""
"2006/6/15",""
"2006/6/16","83.8"
"2006/6/17",""
"2006/6/18",""
"2006/6/19",""
"2006/6/20",""
"2006/6/21",""
"2006/6/22",""
"2006/6/23","83.8"
"2006/6/24",""
"2006/6/25",""
"2006/6/26",""
"2006/6/27",""
"2006/6/28",""
"2006/6/29",""
"2006/6/30","84.5"
"2006/7/1",""
"2006/7/2",""
"2006/7/3",""
"2006/7/4",""
"2006/7/5",""
"2006/7/6",""
"2006/7/7","84.3"
"2006/7/8",""
"2006/7/9",""
"2006/7/10",""
"2006/7/11",""
"2006/7/12",""
"2006/7/13",""
"2006/7/14","84.1"
"2006/7/15",""
"2006/7/16",""
"2006/7/17",""
"2006/7/18",""
"2006/7/19",""
"2006/7/20",""
"2006/7/21","84"
"2006/7/22",""
"2006/7/23",""
"2006/7/24",""
"2006/7/25",""
"2006/7/26",""
"2006/7/27",""
"2006/7/28","84"
"2006/7/29",""
"2006/7/30",""
"2006/7/31",""
"2006/8/1",""
"2006/8/2",""
"2006/8/3",""
"2006/8/4","83.6"
"2006/8/5",""
"2006/8/6",""
"2006/8/7",""
"2006/8/8",""
"2006/8/9",""
"2006/8/10",""
"2006/8/11","83.8"
"2006/8/12",""
"2006/8/13",""
"2006/8/14",""
"2006/8/15",""
"2006/8/16",""
"2006/8/17",""
"2006/8/18","84.1"
"2006/8/19",""
"2006/8/20",""
"2006/8/21",""
"2006/8/22",""
"2006/8/23",""
"2006/8/24",""
"2006/8/25","84.3"
"2006/8/26",""
"2006/8/27",""
"2006/8/28",""
"2006/8/29",""
"2006/8/30",""
"2006/8/31",""
"2006/9/1","84.3"
"2006/9/2",""
"2006/9/3",""
"2006/9/4",""
"2006/9/5",""
"2006/9/6",""
"2006/9/7",""
"2006/9/8","84.2"
"2006/9/9",""
"2006/9/10",""
"2006/9/11",""
"2006/9/12",""
"2006/9/13",""
"2006/9/14",""
"2006/9/15","84.4"
"2006/9/16",""
"2006/9/17",""
"2006/9/18",""
"2006/9/19",""
"2006/9/20",""
"2006/9/21",""
"2006/9/22","84.6"
"2006/9/23",""
"2006/9/24",""
"2006/9/25",""
"2006/9/26",""
"2006/9/27",""
"2006/9/28",""
"2006/9/29","84.7"
"2006/9/30",""
"2006/10/1",""
"2006/10/2",""
"2006/10/3",""
"2006/10/4",""
"2006/10/5",""
"2006/10/6","84.7"
"2006/10/7",""
"2006/10/8",""
"2006/10/9",""
"2006/10/10",""
"2006/10/11",""
"2006/10/12",""
"2006/10/13","84.7"
"2006/10/14",""
"2006/10/15",""
"2006/10/16",""
"2006/10/17",""
"2006/10/18",""
"2006/10/19",""
"2006/10/20","84.7"
"2006/10/21",""
"2006/10/22",""
"2006/10/23",""
"2006/10/24",""
"2006/10/25",""
"2006/10/26",""
"2006/10/27","85.2"
"2006/10/28",""
"2006/10/29",""
"2006/10/30",""
"2006/10/31",""
"2006/11/1",""
"2006/11/2",""
"2006/11/3","85.4"
"2006/11/4",""
"2006/11/5",""
"2006/11/6",""
"2006/11/7",""
"2006/11/8",""
"2006/11/9",""
"2006/11/10","85.4"
"2006/11/11",""
"2006/11/12",""
"2006/11/13",""
"2006/11/14",""
"2006/11/15",""
"2006/11/16",""
"2006/11/17","85.8"
"2006/11/18",""
"2006/11/19",""
"2006/11/20",""
"2006/11/21",""
"2006/11/22",""
"2006/11/23",""
"2006/11/24","85.5"
"2006/11/25",""
"2006/11/26",""
"2006/11/27",""
"2006/11/28",""
"2006/11/29",""
"2006/11/30",""
"2006/12/1","85.9"
"2006/12/2",""
"2006/12/3",""
"2006/12/4",""
"2006/12/5",""
"2006/12/6",""
"2006/12/7",""
"2006/12/8","86.7"
"2006/12/9",""
"2006/12/10",""
"2006/12/11",""
"2006/12/12",""
"2006/12/13",""
"2006/12/14",""
"2006/12/15","86.7"
"2006/12/16",""
"2006/12/17",""
"2006/12/18",""
"2006/12/19",""
"2006/12/20",""
"2006/12/21",""
"2006/12/22","86.7"
"2006/12/23",""
"2006/12/24",""
"2006/12/25",""
"2006/12/26",""
"2006/12/27",""
"2006/12/28",""
"2006/12/29","86.9"
"2006/12/30",""
"2006/12/31",""
"2007/1/1",""
"2007/1/2",""
"2007/1/3",""
"2007/1/4",""
"2007/1/5","90.9"
"2007/1/6",""
"2007/1/7",""
"2007/1/8",""
"2007/1/9",""
"2007/1/10",""
"2007/1/11",""
"2007/1/12","90.9"
"2007/1/13",""
"2007/1/14",""
"2007/1/15",""
"2007/1/16",""
"2007/1/17",""
"2007/1/18",""
"2007/1/19","90.9"
"2007/1/20",""
"2007/1/21",""
"2007/1/22",""
"2007/1/23",""
"2007/1/24",""
"2007/1/25",""
"2007/1/26","89.5"
"2007/1/27",""
"2007/1/28",""
"2007/1/29",""
"2007/1/30",""
"2007/1/31",""
"2007/2/1",""
"2007/2/2","92.7"
"2007/2/3",""
"2007/2/4",""
"2007/2/5",""
"2007/2/6",""
"2007/2/7",""
"2007/2/8",""
"2007/2/9","96.9"
"2007/2/10",""
"2007/2/11",""
"2007/2/12",""
"2007/2/13",""
"2007/2/14",""
"2007/2/15",""
"2007/2/16","98"
"2007/2/17",""
"2007/2/18",""
"2007/2/19",""
"2007/2/20",""
"2007/2/21",""
"2007/2/22",""
"2007/2/23","98"
"2007/2/24",""
"2007/2/25",""
"2007/2/26",""
"2007/2/27",""
"2007/2/28",""
"2007/3/1",""
"2007/3/2","99.8"
"2007/3/3",""
"2007/3/4",""
"2007/3/5",""
"2007/3/6",""
"2007/3/7",""
"2007/3/8",""
"2007/3/9","99.5"
"2007/3/10",""
"2007/3/11",""
"2007/3/12",""
"2007/3/13",""
"2007/3/14",""
"2007/3/15",""
"2007/3/16","103.5"
"2007/3/17",""
"2007/3/18",""
"2007/3/19",""
"2007/3/20",""
"2007/3/21",""
"2007/3/22",""
"2007/3/23","105.6"
"2007/3/24",""
"2007/3/25",""
"2007/3/26",""
"2007/3/27",""
"2007/3/28",""
"2007/3/29",""
"2007/3/30","106.5"
"2007/3/31",""
"2007/4/1",""
"2007/4/2",""
"2007/4/3",""
"2007/4/4",""
"2007/4/5",""
"2007/4/6","106.4"
"2007/4/7",""
"2007/4/8",""
"2007/4/9",""
"2007/4/10",""
"2007/4/11",""
"2007/4/12",""
"2007/4/13","106"
"2007/4/14",""
"2007/4/15",""
"2007/4/16",""
"2007/4/17",""
"2007/4/18",""
"2007/4/19",""
"2007/4/20","106.8"
"2007/4/21",""
"2007/4/22",""
"2007/4/23",""
"2007/4/24",""
"2007/4/25",""
"2007/4/26",""
"2007/4/27","108.3"
"2007/4/28",""
"2007/4/29",""
"2007/4/30",""
"2007/5/1",""
"2007/5/2",""
"2007/5/3",""
"2007/5/4","108.9"
"2007/5/5",""
"2007/5/6",""
"2007/5/7",""
"2007/5/8",""
"2007/5/9",""
"2007/5/10",""
"2007/5/11","113.4"
"2007/5/12",""
"2007/5/13",""
"2007/5/14",""
"2007/5/15",""
"2007/5/16",""
"2007/5/17",""
"2007/5/18","113.3"
"2007/5/19",""
"2007/5/20",""
"2007/5/21",""
"2007/5/22",""
"2007/5/23",""
"2007/5/24",""
"2007/5/25","118.3"
"2007/5/26",""
"2007/5/27",""
"2007/5/28",""
"2007/5/29",""
"2007/5/30",""
"2007/5/31",""
"2007/6/1","118"
"2007/6/2",""
"2007/6/3",""
"2007/6/4",""
"2007/6/5",""
"2007/6/6",""
"2007/6/7",""
"2007/6/8","117.7"
"2007/6/9",""
"2007/6/10",""
"2007/6/11",""
"2007/6/12",""
"2007/6/13",""
"2007/6/14",""
"2007/6/15","117.5"
"2007/6/16",""
"2007/6/17",""
"2007/6/18",""
"2007/6/19",""
"2007/6/20",""
"2007/6/21",""
"2007/6/22","117.3"
"2007/6/23",""
"2007/6/24",""
"2007/6/25",""
"2007/6/26",""
"2007/6/27",""
"2007/6/28",""
"2007/6/29","118.2"
"2007/6/30",""
"2007/7/1",""
"2007/7/2",""
"2007/7/3",""
"2007/7/4",""
"2007/7/5",""
"2007/7/6","118.2"
"2007/7/7",""
"2007/7/8",""
"2007/7/9",""
"2007/7/10",""
"2007/7/11",""
"2007/7/12",""
"2007/7/13","118.2"
"2007/7/14",""
"2007/7/15",""
"2007/7/16",""
"2007/7/17",""
"2007/7/18",""
"2007/7/19",""
"2007/7/20","118.2"
"2007/7/21",""
"2007/7/22",""
"2007/7/23",""
"2007/7/24",""
"2007/7/25",""
"2007/7/26",""
"2007/7/27","118.6"
"2007/7/28",""
"2007/7/29",""
"2007/7/30",""
"2007/7/31",""
"2007/8/1",""
"2007/8/2",""
"2007/8/3","122"
"2007/8/4",""
"2007/8/5",""
"2007/8/6",""
"2007/8/7",""
"2007/8/8",""
"2007/8/9",""
"2007/8/10","123.3"
"2007/8/11",""
"2007/8/12",""
"2007/8/13",""
"2007/8/14",""
"2007/8/15",""
"2007/8/16",""
"2007/8/17","132.5"
"2007/8/18",""
"2007/8/19",""
"2007/8/20",""
"2007/8/21",""
"2007/8/22",""
"2007/8/23",""
"2007/8/24","134.1"
"2007/8/25",""
"2007/8/26",""
"2007/8/27",""
"2007/8/28",""
"2007/8/29",""
"2007/8/30",""
"2007/8/31","137.7"
"2007/9/1",""
"2007/9/2",""
"2007/9/3",""
"2007/9/4",""
"2007/9/5",""
"2007/9/6",""
"2007/9/7","151.8"
"2007/9/8",""
"2007/9/9",""
"2007/9/10",""
"2007/9/11",""
"2007/9/12",""
"2007/9/13",""
"2007/9/14","167.8"
"2007/9/15",""
"2007/9/16",""
"2007/9/17",""
"2007/9/18",""
"2007/9/19",""
"2007/9/20",""
"2007/9/21","167.8"
"2007/9/22",""
"2007/9/23",""
"2007/9/24",""
"2007/9/25",""
"2007/9/26",""
"2007/9/27",""
"2007/9/28","168.2"
"2007/9/29",""
"2007/9/30",""
"2007/10/1",""
"2007/10/2",""
"2007/10/3",""
"2007/10/4",""
"2007/10/5","168.2"
"2007/10/6",""
"2007/10/7",""
"2007/10/8",""
"2007/10/9",""
"2007/10/10",""
"2007/10/11",""
"2007/10/12","169"
"2007/10/13",""
"2007/10/14",""
"2007/10/15",""
"2007/10/16",""
"2007/10/17",""
"2007/10/18",""
"2007/10/19","181.2"
"2007/10/20",""
"2007/10/21",""
"2007/10/22",""
"2007/10/23",""
"2007/10/24",""
"2007/10/25",""
"2007/10/26","194.6"
"2007/10/27",""
"2007/10/28",""
"2007/10/29",""
"2007/10/30",""
"2007/10/31",""
"2007/11/1",""
"2007/11/2","197.8"
"2007/11/3",""
"2007/11/4",""
"2007/11/5",""
"2007/11/6",""
"2007/11/7",""
"2007/11/8",""
"2007/11/9","197.7"
"2007/11/10",""
"2007/11/11",""
"2007/11/12",""
"2007/11/13",""
"2007/11/14",""
"2007/11/15",""
"2007/11/16","198.6"
"2007/11/17",""
"2007/11/18",""
"2007/11/19",""
"2007/11/20",""
"2007/11/21",""
"2007/11/22",""
"2007/11/23","194.6"
"2007/11/24",""
"2007/11/25",""
"2007/11/26",""
"2007/11/27",""
"2007/11/28",""
"2007/11/29",""
"2007/11/30","194.6"
"2007/12/1",""
"2007/12/2",""
"2007/12/3",""
"2007/12/4",""
"2007/12/5",""
"2007/12/6",""
"2007/12/7","199.7"
"2007/12/8",""
"2007/12/9",""
"2007/12/10",""
"2007/12/11",""
"2007/12/12",""
"2007/12/13",""
"2007/12/14","199.7"
"2007/12/15",""
"2007/12/16",""
"2007/12/17",""
"2007/12/18",""
"2007/12/19",""
"2007/12/20",""
"2007/12/21","198.6"
"2007/12/22",""
"2007/12/23",""
"2007/12/24",""
"2007/12/25",""
"2007/12/26",""
"2007/12/27",""
"2007/12/28","199.7"
"2007/12/29",""
"2007/12/30",""
"2007/12/31",""
"2008/1/1",""
"2008/1/2",""
"2008/1/3",""
"2008/1/4","199"
"2008/1/5",""
"2008/1/6",""
"2008/1/7",""
"2008/1/8",""
"2008/1/9",""
"2008/1/10",""
"2008/1/11","201.3"
"2008/1/12",""
"2008/1/13",""
"2008/1/14",""
"2008/1/15",""
"2008/1/16",""
"2008/1/17",""
"2008/1/18","201.3"
"2008/1/19",""
"2008/1/20",""
"2008/1/21",""
"2008/1/22",""
"2008/1/23",""
"2008/1/24",""
"2008/1/25","198"
"2008/1/26",""
"2008/1/27",""
"2008/1/28",""
"2008/1/29",""
"2008/1/30",""
"2008/1/31",""
"2008/2/1","198"
"2008/2/2",""
"2008/2/3",""
"2008/2/4",""
"2008/2/5",""
"2008/2/6",""
"2008/2/7",""
"2008/2/8","198"
"2008/2/9",""
"2008/2/10",""
"2008/2/11",""
"2008/2/12",""
"2008/2/13",""
"2008/2/14",""
"2008/2/15","197.8"
"2008/2/16",""
"2008/2/17",""
"2008/2/18",""
"2008/2/19",""
"2008/2/20",""
"2008/2/21",""
"2008/2/22","202.8"
"2008/2/23",""
"2008/2/24",""
"2008/2/25",""
"2008/2/26",""
"2008/2/27",""
"2008/2/28",""
"2008/2/29","211.7"
"2008/3/1",""
"2008/3/2",""
"2008/3/3",""
"2008/3/4",""
"2008/3/5",""
"2008/3/6",""
"2008/3/7","211.7"
"2008/3/8",""
"2008/3/9",""
"2008/3/10",""
"2008/3/11",""
"2008/3/12",""
"2008/3/13",""
"2008/3/14","211.6"
"2008/3/15",""
"2008/3/16",""
"2008/3/17",""
"2008/3/18",""
"2008/3/19",""
"2008/3/20",""
"2008/3/21","208.5"
"2008/3/22",""
"2008/3/23",""
"2008/3/24",""
"2008/3/25",""
"2008/3/26",""
"2008/3/27",""
"2008/3/28","208.5"
"2008/3/29",""
"2008/3/30",""
"2008/3/31",""
"2008/4/1",""
"2008/4/2",""
"2008/4/3",""
"2008/4/4","206.4"
"2008/4/5",""
"2008/4/6",""
"2008/4/7",""
"2008/4/8",""
"2008/4/9",""
"2008/4/10",""
"2008/4/11","208.7"
"2008/4/12",""
"2008/4/13",""
"2008/4/14",""
"2008/4/15",""
"2008/4/16",""
"2008/4/17",""
"2008/4/18","205.3"
"2008/4/19",""
"2008/4/20",""
"2008/4/21",""
"2008/4/22",""
"2008/4/23",""
"2008/4/24",""
"2008/4/25","201.3"
"2008/4/26",""
"2008/4/27",""
"2008/4/28",""
"2008/4/29",""
"2008/4/30",""
"2008/5/1",""
"2008/5/2","193.3"
"2008/5/3",""
"2008/5/4",""
"2008/5/5",""
"2008/5/6",""
"2008/5/7",""
"2008/5/8",""
"2008/5/9","193.3"
"2008/5/10",""
"2008/5/11",""
"2008/5/12",""
"2008/5/13",""
"2008/5/14",""
"2008/5/15",""
"2008/5/16","193.3"
"2008/5/17",""
"2008/5/18",""
"2008/5/19",""
"2008/5/20",""
"2008/5/21",""
"2008/5/22",""
"2008/5/23","193.3"
"2008/5/24",""
"2008/5/25",""
"2008/5/26",""
"2008/5/27",""
"2008/5/28",""
"2008/5/29",""
"2008/5/30","193.3"
"2008/5/31",""
"2008/6/1",""
"2008/6/2",""
"2008/6/3",""
"2008/6/4",""
"2008/6/5",""
"2008/6/6","193.3"
"2008/6/7",""
"2008/6/8",""
"2008/6/9",""
"2008/6/10",""
"2008/6/11",""
"2008/6/12",""
"2008/6/13","193.3"
"2008/6/14",""
"2008/6/15",""
"2008/6/16",""
"2008/6/17",""
"2008/6/18",""
"2008/6/19",""
"2008/6/20","193.3"
"2008/6/21",""
"2008/6/22",""
"2008/6/23",""
"2008/6/24",""
"2008/6/25",""
"2008/6/26",""
"2008/6/27","193"
"2008/6/28",""
"2008/6/29",""
"2008/6/30",""
"2008/7/1",""
"2008/7/2",""
"2008/7/3",""
"2008/7/4","192.2"
"2008/7/5",""
"2008/7/6",""
"2008/7/7",""
"2008/7/8",""
"2008/7/9",""
"2008/7/10",""
"2008/7/11","191.9"
"2008/7/12",""
"2008/7/13",""
"2008/7/14",""
"2008/7/15",""
"2008/7/16",""
"2008/7/17",""
"2008/7/18","191.9"
"2008/7/19",""
"2008/7/20",""
"2008/7/21",""
"2008/7/22",""
"2008/7/23",""
"2008/7/24",""
"2008/7/25","191.9"
"2008/7/26",""
"2008/7/27",""
"2008/7/28",""
"2008/7/29",""
"2008/7/30",""
"2008/7/31",""
"2008/8/1","191.9"
"2008/8/2",""
"2008/8/3",""
"2008/8/4",""
"2008/8/5",""
"2008/8/6",""
"2008/8/7",""
"2008/8/8","190"
"2008/8/9",""
"2008/8/10",""
"2008/8/11",""
"2008/8/12",""
"2008/8/13",""
"2008/8/14",""
"2008/8/15","182.3"
"2008/8/16",""
"2008/8/17",""
"2008/8/18",""
"2008/8/19",""
"2008/8/20",""
"2008/8/21",""
"2008/8/22","178.5"
"2008/8/23",""
"2008/8/24",""
"2008/8/25",""
"2008/8/26",""
"2008/8/27",""
"2008/8/28",""
"2008/8/29","172.7"
"2008/8/30",""
"2008/8/31",""
"2008/9/1",""
"2008/9/2",""
"2008/9/3",""
"2008/9/4",""
"2008/9/5","167.5"
"2008/9/6",""
"2008/9/7",""
"2008/9/8",""
"2008/9/9",""
"2008/9/10",""
"2008/9/11",""
"2008/9/12","162.7"
"2008/9/13",""
"2008/9/14",""
"2008/9/15",""
"2008/9/16",""
"2008/9/17",""
"2008/9/18",""
"2008/9/19","153.3"
"2008/9/20",""
"2008/9/21",""
"2008/9/22",""
"2008/9/23",""
"2008/9/24",""
"2008/9/25",""
"2008/9/26","134.6"
"2008/9/27",""
"2008/9/28",""
"2008/9/29",""
"2008/9/30",""
"2008/10/1",""
"2008/10/2",""
"2008/10/3","127.8"
"2008/10/4",""
"2008/10/5",""
"2008/10/6",""
"2008/10/7",""
"2008/10/8",""
"2008/10/9",""
"2008/10/10","115.6"
"2008/10/11",""
"2008/10/12",""
"2008/10/13",""
"2008/10/14",""
"2008/10/15",""
"2008/10/16",""
"2008/10/17","101.6"
"2008/10/18",""
"2008/10/19",""
"2008/10/20",""
"2008/10/21",""
"2008/10/22",""
"2008/10/23",""
"2008/10/24","83.2"
"2008/10/25",""
"2008/10/26",""
"2008/10/27",""
"2008/10/28",""
"2008/10/29",""
"2008/10/30",""
"2008/10/31","81.1"
"2008/11/1",""
"2008/11/2",""
"2008/11/3",""
"2008/11/4",""
"2008/11/5",""
"2008/11/6",""
"2008/11/7","79.2"
"2008/11/8",""
"2008/11/9",""
"2008/11/10",""
"2008/11/11",""
"2008/11/12",""
"2008/11/13",""
"2008/11/14","80"
"2008/11/15",""
"2008/11/16",""
"2008/11/17",""
"2008/11/18",""
"2008/11/19",""
"2008/11/20",""
"2008/11/21","79.5"
"2008/11/22",""
"2008/11/23",""
"2008/11/24",""
"2008/11/25",""
"2008/11/26",""
"2008/11/27",""
"2008/11/28","79.8"
"2008/11/29",""
"2008/11/30",""
"2008/12/1",""
"2008/12/2",""
"2008/12/3",""
"2008/12/4",""
"2008/12/5","83.2"
"2008/12/6",""
"2008/12/7",""
"2008/12/8",""
"2008/12/9",""
"2008/12/10",""
"2008/12/11",""
"2008/12/12","85.5"
"2008/12/13",""
"2008/12/14",""
"2008/12/15",""
"2008/12/16",""
"2008/12/17",""
"2008/12/18",""
"2008/12/19","85.9"
"2008/12/20",""
"2008/12/21",""
"2008/12/22",""
"2008/12/23",""
"2008/12/24",""
"2008/12/25",""
"2008/12/26","86.1"
"2008/12/27",""
"2008/12/28",""
"2008/12/29",""
"2008/12/30",""
"2008/12/31",""
"2009/1/1",""
"2009/1/2","86.6"
"2009/1/3",""
"2009/1/4",""
"2009/1/5",""
"2009/1/6",""
"2009/1/7",""
"2009/1/8",""
"2009/1/9","88.3"
"2009/1/10",""
"2009/1/11",""
"2009/1/12",""
"2009/1/13",""
"2009/1/14",""
"2009/1/15",""
"2009/1/16","88"
"2009/1/17",""
"2009/1/18",""
"2009/1/19",""
"2009/1/20",""
"2009/1/21",""
"2009/1/22",""
"2009/1/23","87.9"
"2009/1/24",""
"2009/1/25",""
"2009/1/26",""
"2009/1/27",""
"2009/1/28",""
"2009/1/29",""
"2009/1/30","87.9"
"2009/1/31",""
"2009/2/1",""
"2009/2/2",""
"2009/2/3",""
"2009/2/4",""
"2009/2/5",""
"2009/2/6","88.6"
"2009/2/7",""
"2009/2/8",""
"2009/2/9",""
"2009/2/10",""
"2009/2/11",""
"2009/2/12",""
"2009/2/13","89.9"
"2009/2/14",""
"2009/2/15",""
"2009/2/16",""
"2009/2/17",""
"2009/2/18",""
"2009/2/19",""
"2009/2/20","89.1"
"2009/2/21",""
"2009/2/22",""
"2009/2/23",""
"2009/2/24",""
"2009/2/25",""
"2009/2/26",""
"2009/2/27","85.2"
"2009/2/28",""
"2009/3/1",""
"2009/3/2",""
"2009/3/3",""
"2009/3/4",""
"2009/3/5",""
"2009/3/6","82.1"
"2009/3/7",""
"2009/3/8",""
"2009/3/9",""
"2009/3/10",""
"2009/3/11",""
"2009/3/12",""
"2009/3/13","80.7"
"2009/3/14",""
"2009/3/15",""
"2009/3/16",""
"2009/3/17",""
"2009/3/18",""
"2009/3/19",""
"2009/3/20","78.8"
"2009/3/21",""
"2009/3/22",""
"2009/3/23",""
"2009/3/24",""
"2009/3/25",""
"2009/3/26",""
"2009/3/27","76.9"
"2009/3/28",""
"2009/3/29",""
"2009/3/30",""
"2009/3/31",""
"2009/4/1",""
"2009/4/2",""
"2009/4/3","75.8"
"2009/4/4",""
"2009/4/5",""
"2009/4/6",""
"2009/4/7",""
"2009/4/8",""
"2009/4/9",""
"2009/4/10","75.8"
"2009/4/11",""
"2009/4/12",""
"2009/4/13",""
"2009/4/14",""
"2009/4/15",""
"2009/4/16",""
"2009/4/17","72.6"
"2009/4/18",""
"2009/4/19",""
"2009/4/20",""
"2009/4/21",""
"2009/4/22",""
"2009/4/23",""
"2009/4/24","72.5"
"2009/4/25",""
"2009/4/26",""
"2009/4/27",""
"2009/4/28",""
"2009/4/29",""
"2009/4/30","72.6"
"2009/5/1",""
"2009/5/2",""
"2009/5/3",""
"2009/5/4",""
"2009/5/5",""
"2009/5/6",""
"2009/5/7",""
"2009/5/8","72.9"
"2009/5/9",""
"2009/5/10",""
"2009/5/11",""
"2009/5/12",""
"2009/5/13",""
"2009/5/14",""
"2009/5/15","74.4"
"2009/5/16",""
"2009/5/17",""
"2009/5/18",""
"2009/5/19",""
"2009/5/20",""
"2009/5/21",""
"2009/5/22","74.6"
"2009/5/23",""
"2009/5/24",""
"2009/5/25",""
"2009/5/26",""
"2009/5/27",""
"2009/5/28",""
"2009/5/29",""
"2009/5/30",""
"2009/5/31","74.8"
"2009/6/1",""
"2009/6/2",""
"2009/6/3",""
"2009/6/4",""
"2009/6/5","75.8"
"2009/6/6",""
"2009/6/7",""
"2009/6/8",""
"2009/6/9",""
"2009/6/10",""
"2009/6/11",""
"2009/6/12","79.4"
"2009/6/13",""
"2009/6/14",""
"2009/6/15",""
"2009/6/16",""
"2009/6/17",""
"2009/6/18",""
"2009/6/19","81.2"
"2009/6/20",""
"2009/6/21",""
"2009/6/22",""
"2009/6/23",""
"2009/6/24",""
"2009/6/25",""
"2009/6/26","84.1"
"2009/6/27",""
"2009/6/28",""
"2009/6/29",""
"2009/6/30",""
"2009/7/1",""
"2009/7/2",""
"2009/7/3","87.1"
"2009/7/4",""
"2009/7/5",""
"2009/7/6",""
"2009/7/7",""
"2009/7/8",""
"2009/7/9",""
"2009/7/10","88.6"
"2009/7/11",""
"2009/7/12",""
"2009/7/13",""
"2009/7/14",""
"2009/7/15",""
"2009/7/16",""
"2009/7/17","91.3"
"2009/7/18",""
"2009/7/19",""
"2009/7/20",""
"2009/7/21",""
"2009/7/22",""
"2009/7/23",""
"2009/7/24","95.8"
"2009/7/25",""
"2009/7/26",""
"2009/7/27",""
"2009/7/28",""
"2009/7/29",""
"2009/7/30",""
"2009/7/31","101"
"2009/8/1",""
"2009/8/2",""
"2009/8/3",""
"2009/8/4",""
"2009/8/5",""
"2009/8/6",""
"2009/8/7","113.6"
"2009/8/8",""
"2009/8/9",""
"2009/8/10",""
"2009/8/11",""
"2009/8/12",""
"2009/8/13",""
"2009/8/14","115.4"
"2009/8/15",""
"2009/8/16",""
"2009/8/17",""
"2009/8/18",""
"2009/8/19",""
"2009/8/20",""
"2009/8/21","111.4"
"2009/8/22",""
"2009/8/23",""
"2009/8/24",""
"2009/8/25",""
"2009/8/26",""
"2009/8/27",""
"2009/8/28","104.2"
"2009/8/29",""
"2009/8/30",""
"2009/8/31",""
"2009/9/1",""
"2009/9/2",""
"2009/9/3",""
"2009/9/4","95.8"
"2009/9/5",""
"2009/9/6",""
"2009/9/7",""
"2009/9/8",""
"2009/9/9",""
"2009/9/10",""
"2009/9/11","88.6"
"2009/9/12",""
"2009/9/13",""
"2009/9/14",""
"2009/9/15",""
"2009/9/16",""
"2009/9/17",""
"2009/9/18","90.7"
"2009/9/19",""
"2009/9/20",""
"2009/9/21",""
"2009/9/22",""
"2009/9/23",""
"2009/9/24",""
"2009/9/25","96.9"
"2009/9/26",""
"2009/9/27",""
"2009/9/28",""
"2009/9/29",""
"2009/9/30",""
"2009/10/1",""
"2009/10/2","96.9"
"2009/10/3",""
"2009/10/4",""
"2009/10/5",""
"2009/10/6",""
"2009/10/7",""
"2009/10/8",""
"2009/10/9","96.9"
"2009/10/10",""
"2009/10/11",""
"2009/10/12",""
"2009/10/13",""
"2009/10/14",""
"2009/10/15",""
"2009/10/16","96.6"
"2009/10/17",""
"2009/10/18",""
"2009/10/19",""
"2009/10/20",""
"2009/10/21",""
"2009/10/22",""
"2009/10/23","98"
"2009/10/24",""
"2009/10/25",""
"2009/10/26",""
"2009/10/27",""
"2009/10/28",""
"2009/10/29",""
"2009/10/30","98.7"
"2009/10/31",""
"2009/11/1",""
"2009/11/2",""
"2009/11/3",""
"2009/11/4",""
"2009/11/5",""
"2009/11/6","102.2"
"2009/11/7",""
"2009/11/8",""
"2009/11/9",""
"2009/11/10",""
"2009/11/11",""
"2009/11/12",""
"2009/11/13","104.4"
"2009/11/14",""
"2009/11/15",""
"2009/11/16",""
"2009/11/17",""
"2009/11/18",""
"2009/11/19",""
"2009/11/20","106.8"
"2009/11/21",""
"2009/11/22",""
"2009/11/23",""
"2009/11/24",""
"2009/11/25",""
"2009/11/26",""
"2009/11/27","107.6"
"2009/11/28",""
"2009/11/29",""
"2009/11/30",""
"2009/12/1",""
"2009/12/2",""
"2009/12/3",""
"2009/12/4","106.3"
"2009/12/5",""
"2009/12/6",""
"2009/12/7",""
"2009/12/8",""
"2009/12/9",""
"2009/12/10",""
"2009/12/11","105.9"
"2009/12/12",""
"2009/12/13",""
"2009/12/14",""
"2009/12/15",""
"2009/12/16",""
"2009/12/17",""
"2009/12/18","108.3"
"2009/12/19",""
"2009/12/20",""
"2009/12/21",""
"2009/12/22",""
"2009/12/23",""
"2009/12/24",""
"2009/12/25","114.5"
"2009/12/26",""
"2009/12/27",""
"2009/12/28",""
"2009/12/29",""
"2009/12/30",""
"2009/12/31",""
"2010/1/1","119.2"
"2010/1/2",""
"2010/1/3",""
"2010/1/4",""
"2010/1/5",""
"2010/1/6",""
"2010/1/7",""
"2010/1/8","128"
"2010/1/9",""
"2010/1/10",""
"2010/1/11",""
"2010/1/12",""
"2010/1/13",""
"2010/1/14",""
"2010/1/15","131"
"2010/1/16",""
"2010/1/17",""
"2010/1/18",""
"2010/1/19",""
"2010/1/20",""
"2010/1/21",""
"2010/1/22","130.2"
"2010/1/23",""
"2010/1/24",""
"2010/1/25",""
"2010/1/26",""
"2010/1/27",""
"2010/1/28",""
"2010/1/29","129.9"
"2010/1/30",""
"2010/1/31",""
"2010/2/1",""
"2010/2/2",""
"2010/2/3",""
"2010/2/4",""
"2010/2/5","127.8"
"2010/2/6",""
"2010/2/7",""
"2010/2/8",""
"2010/2/9",""
"2010/2/10",""
"2010/2/11",""
"2010/2/12","127.8"
"2010/2/13",""
"2010/2/14",""
"2010/2/15",""
"2010/2/16",""
"2010/2/17",""
"2010/2/18",""
"2010/2/19","127.8"
"2010/2/20",""
"2010/2/21",""
"2010/2/22",""
"2010/2/23",""
"2010/2/24",""
"2010/2/25",""
"2010/2/26","132.9"
"2010/2/27",""
"2010/2/28",""
"2010/3/1",""
"2010/3/2",""
"2010/3/3",""
"2010/3/4",""
"2010/3/5","137.4"
"2010/3/6",""
"2010/3/7",""
"2010/3/8",""
"2010/3/9",""
"2010/3/10",""
"2010/3/11",""
"2010/3/12","138.9"
"2010/3/13",""
"2010/3/14",""
"2010/3/15",""
"2010/3/16",""
"2010/3/17",""
"2010/3/18",""
"2010/3/19","145.6"
"2010/3/20",""
"2010/3/21",""
"2010/3/22",""
"2010/3/23",""
"2010/3/24",""
"2010/3/25",""
"2010/3/26","152.8"
"2010/3/27",""
"2010/3/28",""
"2010/3/29",""
"2010/3/30",""
"2010/3/31",""
"2010/4/1",""
"2010/4/2","158.6"
"2010/4/3",""
"2010/4/4",""
"2010/4/5",""
"2010/4/6",""
"2010/4/7",""
"2010/4/8",""
"2010/4/9","162.3"
"2010/4/10",""
"2010/4/11",""
"2010/4/12",""
"2010/4/13",""
"2010/4/14",""
"2010/4/15",""
"2010/4/16","177"
"2010/4/17",""
"2010/4/18",""
"2010/4/19",""
"2010/4/20",""
"2010/4/21",""
"2010/4/22",""
"2010/4/23","179.2"
"2010/4/24",""
"2010/4/25",""
"2010/4/26",""
"2010/4/27",""
"2010/4/28",""
"2010/4/29",""
"2010/4/30","178.2"
"2010/5/1",""
"2010/5/2",""
"2010/5/3",""
"2010/5/4",""
"2010/5/5",""
"2010/5/6",""
"2010/5/7","177.2"
"2010/5/8",""
"2010/5/9",""
"2010/5/10",""
"2010/5/11",""
"2010/5/12",""
"2010/5/13",""
"2010/5/14","173.7"
"2010/5/15",""
"2010/5/16",""
"2010/5/17",""
"2010/5/18",""
"2010/5/19",""
"2010/5/20",""
"2010/5/21","167.1"
"2010/5/22",""
"2010/5/23",""
"2010/5/24",""
"2010/5/25",""
"2010/5/26",""
"2010/5/27",""
"2010/5/28","158.6"
"2010/5/29",""
"2010/5/30",""
"2010/5/31",""
"2010/6/1",""
"2010/6/2",""
"2010/6/3",""
"2010/6/4","154.1"
"2010/6/5",""
"2010/6/6",""
"2010/6/7",""
"2010/6/8",""
"2010/6/9",""
"2010/6/10",""
"2010/6/11","154.3"
"2010/6/12",""
"2010/6/13",""
"2010/6/14",""
"2010/6/15",""
"2010/6/16",""
"2010/6/17",""
"2010/6/18","153.4"
"2010/6/19",""
"2010/6/20",""
"2010/6/21",""
"2010/6/22",""
"2010/6/23",""
"2010/6/24",""
"2010/6/25","152.8"
"2010/6/26",""
"2010/6/27",""
"2010/6/28",""
"2010/6/29",""
"2010/6/30",""
"2010/7/1",""
"2010/7/2","148.7"
"2010/7/3",""
"2010/7/4",""
"2010/7/5",""
"2010/7/6",""
"2010/7/7",""
"2010/7/8",""
"2010/7/9","135.6"
"2010/7/10",""
"2010/7/11",""
"2010/7/12",""
"2010/7/13",""
"2010/7/14",""
"2010/7/15",""
"2010/7/16","132.2"
"2010/7/17",""
"2010/7/18",""
"2010/7/19",""
"2010/7/20",""
"2010/7/21",""
"2010/7/22",""
"2010/7/23","139.4"
"2010/7/24",""
"2010/7/25",""
"2010/7/26",""
"2010/7/27",""
"2010/7/28",""
"2010/7/29",""
"2010/7/30","147.9"
"2010/7/31",""
"2010/8/1",""
"2010/8/2",""
"2010/8/3",""
"2010/8/4",""
"2010/8/5",""
"2010/8/6","155.1"
"2010/8/7",""
"2010/8/8",""
"2010/8/9",""
"2010/8/10",""
"2010/8/11",""
"2010/8/12",""
"2010/8/13","162.3"
"2010/8/14",""
"2010/8/15",""
"2010/8/16",""
"2010/8/17",""
"2010/8/18",""
"2010/8/19",""
"2010/8/20","164.2"
"2010/8/21",""
"2010/8/22",""
"2010/8/23",""
"2010/8/24",""
"2010/8/25",""
"2010/8/26",""
"2010/8/27","156.5"
"2010/8/28",""
"2010/8/29",""
"2010/8/30",""
"2010/8/31",""
"2010/9/1",""
"2010/9/2",""
"2010/9/3","154.2"
"2010/9/4",""
"2010/9/5",""
"2010/9/6",""
"2010/9/7",""
"2010/9/8",""
"2010/9/9",""
"2010/9/10","154"
"2010/9/11",""
"2010/9/12",""
"2010/9/13",""
"2010/9/14",""
"2010/9/15",""
"2010/9/16",""
"2010/9/17","152.9"
"2010/9/18",""
"2010/9/19",""
"2010/9/20",""
"2010/9/21","151"
"2010/9/22",""
"2010/9/23",""
"2010/9/24",""
"2010/9/25",""
"2010/9/26",""
"2010/9/27",""
"2010/9/28",""
"2010/9/29",""
"2010/9/30","154.7"
"2010/10/1",""
"2010/10/2",""
"2010/10/3",""
"2010/10/4",""
"2010/10/5",""
"2010/10/6",""
"2010/10/7",""
"2010/10/8","156.7"
"2010/10/9",""
"2010/10/10",""
"2010/10/11",""
"2010/10/12",""
"2010/10/13",""
"2010/10/14",""
"2010/10/15","159.4"
"2010/10/16",""
"2010/10/17",""
"2010/10/18",""
"2010/10/19",""
"2010/10/20",""
"2010/10/21",""
"2010/10/22","158.3"
"2010/10/23",""
"2010/10/24",""
"2010/10/25",""
"2010/10/26",""
"2010/10/27",""
"2010/10/28",""
"2010/10/29","156.7"
"2010/10/30",""
"2010/10/31",""
"2010/11/1",""
"2010/11/2",""
"2010/11/3",""
"2010/11/4",""
"2010/11/5","157.3"
"2010/11/6",""
"2010/11/7",""
"2010/11/8",""
"2010/11/9",""
"2010/11/10",""
"2010/11/11",""
"2010/11/12","162"
"2010/11/13",""
"2010/11/14",""
"2010/11/15",""
"2010/11/16",""
"2010/11/17",""
"2010/11/18",""
"2010/11/19","163.7"
"2010/11/20",""
"2010/11/21",""
"2010/11/22",""
"2010/11/23",""
"2010/11/24",""
"2010/11/25",""
"2010/11/26","163.7"
"2010/11/27",""
"2010/11/28",""
"2010/11/29",""
"2010/11/30",""
"2010/12/1",""
"2010/12/2",""
"2010/12/3","164.3"
"2010/12/4",""
"2010/12/5",""
"2010/12/6",""
"2010/12/7",""
"2010/12/8",""
"2010/12/9",""
"2010/12/10","168.1"
"2010/12/11",""
"2010/12/12",""
"2010/12/13",""
"2010/12/14",""
"2010/12/15",""
"2010/12/16",""
"2010/12/17","170.7"
"2010/12/18",""
"2010/12/19",""
"2010/12/20",""
"2010/12/21",""
"2010/12/22",""
"2010/12/23",""
"2010/12/24","172.4"
"2010/12/25",""
"2010/12/26",""
"2010/12/27",""
"2010/12/28",""
"2010/12/29",""
"2010/12/30",""
"2010/12/31","172.4"
"2011/1/1",""
"2011/1/2",""
"2011/1/3",""
"2011/1/4",""
"2011/1/5",""
"2011/1/6",""
"2011/1/7","174.2"
"2011/1/8",""
"2011/1/9",""
"2011/1/10",""
"2011/1/11",""
"2011/1/12",""
"2011/1/13",""
"2011/1/14","177"
"2011/1/15",""
"2011/1/16",""
"2011/1/17",""
"2011/1/18",""
"2011/1/19",""
"2011/1/20",""
"2011/1/21","182"
"2011/1/22",""
"2011/1/23",""
"2011/1/24",""
"2011/1/25",""
"2011/1/26",""
"2011/1/27",""
"2011/1/28","182"
"2011/1/29",""
"2011/1/30",""
"2011/1/31",""
"2011/2/1",""
"2011/2/2",""
"2011/2/3",""
"2011/2/4",""
"2011/2/5",""
"2011/2/6",""
"2011/2/7",""
"2011/2/8",""
"2011/2/9",""
"2011/2/10",""
"2011/2/11","183.9"
"2011/2/12",""
"2011/2/13",""
"2011/2/14",""
"2011/2/15",""
"2011/2/16",""
"2011/2/17",""
"2011/2/18","186.8"
"2011/2/19",""
"2011/2/20",""
"2011/2/21","186.8"
"2011/2/22","185.9"
"2011/2/23","185"
"2011/2/24","184.2"
"2011/2/25","184"
"2011/2/26",""
"2011/2/27",""
"2011/2/28","183.7"
"2011/3/1","182.6"
"2011/3/2","181"
"2011/3/3","180"
"2011/3/4","180"
"2011/3/5",""
"2011/3/6",""
"2011/3/7","178.7"
"2011/3/8","177"
"2011/3/9","176.4"
"2011/3/10","174"
"2011/3/11","172.3"
"2011/3/12",""
"2011/3/13",""
"2011/3/14","171.7"
"2011/3/15","170.6"
"2011/3/16","170.4"
"2011/3/17","170.4"
"2011/3/18","170.4"
"2011/3/19",""
"2011/3/20",""
"2011/3/21","170.4"
"2011/3/22","170.4"
"2011/3/23","170.4"
"2011/3/24","170.4"
"2011/3/25","170.4"
"2011/3/26",""
"2011/3/27",""
"2011/3/28","170.4"
"2011/3/29","171.7"
"2011/3/30","173.7"
"2011/3/31","176.4"
"2011/4/1","176.4"
"2011/4/2","176.4"
"2011/4/3",""
"2011/4/4",""
"2011/4/5",""
"2011/4/6","177.5"
"2011/4/7","178.4"
"2011/4/8","179.2"
"2011/4/9",""
"2011/4/10",""
"2011/4/11","179.2"
"2011/4/12","181"
"2011/4/13","181.5"
"2011/4/14","181.5"
"2011/4/15","181.5"
"2011/4/16",""
"2011/4/17",""
"2011/4/18","180.13"
"2011/4/19","179.5"
"2011/4/20","179.5"
"2011/4/21","179.4"
"2011/4/22","179.4"
"2011/4/23",""
"2011/4/24",""
"2011/4/25","179.4"
"2011/4/26","179.8"
"2011/4/27","181.1"
"2011/4/28","181.1"
"2011/4/29","182.3"
"2011/4/30",""
"2011/5/1",""
"2011/5/2",""
"2011/5/3","182.4"
"2011/5/4","182.4"
"2011/5/5","182.4"
"2011/5/6","182.4"
"2011/5/7",""
"2011/5/8",""
"2011/5/9","182.4"
"2011/5/10","181.2"
"2011/5/11","181.2"
"2011/5/12","181.2"
"2011/5/13","181.2"
"2011/5/14",""
"2011/5/15",""
"2011/5/16","179.9"
"2011/5/17","179.9"
"2011/5/18","178.9"
"2011/5/19","178.8"
"2011/5/20","178.8"
"2011/5/21",""
"2011/5/22",""
"2011/5/23","177.1"
"2011/5/24","176.4"
"2011/5/25","176.4"
"2011/5/26","176.2"
"2011/5/27","175"
"2011/5/28",""
"2011/5/29",""
"2011/5/30","174.4"
"2011/5/31","174.4"
"2011/6/1","174.4"
"2011/6/2","173.2"
"2011/6/3","173.2"
"2011/6/4",""
"2011/6/5",""
"2011/6/6",""
"2011/6/7","173.2"
"2011/6/8","173.2"
"2011/6/9","174.4"
"2011/6/10","175.3"
"2011/6/11",""
"2011/6/12",""
"2011/6/13","175.9"
"2011/6/14","175.9"
"2011/6/15","175.9"
"2011/6/16","175.9"
"2011/6/17","175.9"
"2011/6/18",""
"2011/6/19",""
"2011/6/20","175.9"
"2011/6/21","175.9"
"2011/6/22","175.9"
"2011/6/23","175.9"
"2011/6/24","174.6"
"2011/6/25",""
"2011/6/26",""
"2011/6/27","174.6"
"2011/6/28","173.2"
"2011/6/29","173.2"
"2011/6/30","173.2"
"2011/7/1","173.2"
"2011/7/2",""
"2011/7/3",""
"2011/7/4","173.2"
"2011/7/5","173.2"
"2011/7/6","173.2"
"2011/7/7","174"
"2011/7/8","175.5"
"2011/7/9",""
"2011/7/10",""
"2011/7/11","176.4"
"2011/7/12","176.42"
"2011/7/13","176.4"
"2011/7/14","176.4"
"2011/7/15","176.4"
"2011/7/16",""
"2011/7/17",""
"2011/7/18","177.7"
"2011/7/19","177.7"
"2011/7/20","177.7"
"2011/7/21","177.7"
"2011/7/22","177.7"
"2011/7/23",""
"2011/7/24",""
"2011/7/25","177.7"
"2011/7/26","177.7"
"2011/7/27","177.7"
"2011/7/28","177.7"
"2011/7/29","177.7"
"2011/7/30",""
"2011/7/31",""
"2011/8/1","177.7"
"2011/8/2","177.7"
"2011/8/3","179"
"2011/8/4","179"
"2011/8/5","179"
"2011/8/6",""
"2011/8/7",""
"2011/8/8","179"
"2011/8/9","179"
"2011/8/10","179"
"2011/8/11","177.7"
"2011/8/12","177.7"
"2011/8/13",""
"2011/8/14",""
"2011/8/15","177.7"
"2011/8/16","177.7"
"2011/8/17","177.7"
"2011/8/18","177.7"
"2011/8/19","177.7"
"2011/8/20",""
"2011/8/21",""
"2011/8/22","177.7"
"2011/8/23","177.7"
"2011/8/24","177.7"
"2011/8/25","179"
"2011/8/26","179"
"2011/8/27",""
"2011/8/28",""
"2011/8/29","179"
"2011/8/30","179"
"2011/8/31","179"
"2011/9/1","179"
"2011/9/2","179"
"2011/9/3",""
"2011/9/4",""
"2011/9/5","179"
"2011/9/6","179"
"2011/9/7","179"
"2011/9/8","179"
"2011/9/9","179"
"2011/9/10",""
"2011/9/11",""
"2011/9/12",""
"2011/9/13","179"
"2011/9/14","179"
"2011/9/15","179"
"2011/9/16","179"
"2011/9/17",""
"2011/9/18",""
"2011/9/19","179"
"2011/9/20","177.7"
"2011/9/21","177.7"
"2011/9/22","176.4"
"2011/9/23","176.4"
"2011/9/24",""
"2011/9/25",""
"2011/9/26","176.4"
"2011/9/27","176.4"
"2011/9/28","175"
"2011/9/29","175"
"2011/9/30","175"
"2011/10/1",""
"2011/10/2",""
"2011/10/3",""
"2011/10/4",""
"2011/10/5",""
"2011/10/6",""
"2011/10/7",""
"2011/10/8","175"
"2011/10/9","175"
"2011/10/10","175"
"2011/10/11","173.7"
"2011/10/12","172.3"
"2011/10/13","171"
"2011/10/14","169.6"
"2011/10/15",""
"2011/10/16",""
"2011/10/17","168.3"
"2011/10/18","167"
"2011/10/19","162.9"
"2011/10/20","159"
"2011/10/21","157.6"
"2011/10/22",""
"2011/10/23",""
"2011/10/24","153"
"2011/10/25","148.9"
"2011/10/26","145.9"
"2011/10/27","141.2"
"2011/10/28","138.8"
"2011/10/29",""
"2011/10/30",""
"2011/10/31","136.5"
"2011/11/1","136.5"
"2011/11/2","136.5"
"2011/11/3","136.5"
"2011/11/4","135.2"
"2011/11/5",""
"2011/11/6",""
"2011/11/7","135.2"
"2011/11/8","136.74"
"2011/11/9","139.3"
"2011/11/10","139.1"
"2011/11/11","140.3"
"2011/11/12",""
"2011/11/13",""
"2011/11/14","140.9"
"2011/11/15","142.2"
"2011/11/16","143.5"
"2011/11/17","145.3"
"2011/11/18","145.3"
"2011/11/19",""
"2011/11/20",""
"2011/11/21","145.3"
"2011/11/22","145.3"
"2011/11/23","145.3"
"2011/11/24","143.9"
"2011/11/25","143.9"
"2011/11/26",""
"2011/11/27",""
"2011/11/28","142.6"
"2011/11/29","141.2"
"2011/11/30","141.2"
"2011/12/1","141.2"
"2011/12/2","141.7"
"2011/12/3",""
"2011/12/4",""
"2011/12/5","143"
"2011/12/6","143"
"2011/12/7","143"
"2011/12/8","143"
"2011/12/9","143"
"2011/12/10",""
"2011/12/11",""
"2011/12/12","143"
"2011/12/13","142.8"
"2011/12/14","141.3"
"2011/12/15","139.8"
"2011/12/16","139.8"
"2011/12/17",""
"2011/12/18",""
"2011/12/19","139"
"2011/12/20","137.6"
"2011/12/21","137.6"
"2011/12/22","139.7"
"2011/12/23","140.2"
"2011/12/24",""
"2011/12/25",""
"2011/12/26","140.2"
"2011/12/27","140.2"
"2011/12/28","140.2"
"2011/12/29","140.2"
"2011/12/30","140.2"
"2011/12/31","140.2"
"2012/1/1",""
"2012/1/2",""
"2012/1/3",""
"2012/1/4","140.2"
"2012/1/5","140.1"
"2012/1/6","140.2"
"2012/1/7",""
"2012/1/8",""
"2012/1/9","140.2"
"2012/1/10","141.5"
"2012/1/11","141.5"
"2012/1/12","141.5"
"2012/1/13","141.5"
"2012/1/14",""
"2012/1/15",""
"2012/1/16","141.5"
"2012/1/17","141.5"
"2012/1/18","141.5"
"2012/1/19","141.5"
"2012/1/20","141.5"
"2012/1/21",""
"2012/1/22",""
"2012/1/23",""
"2012/1/24",""
"2012/1/25",""
"2012/1/26",""
"2012/1/27",""
"2012/1/28",""
"2012/1/29","141.5"
"2012/1/30","141.5"
"2012/1/31","141.5"
"2012/2/1","142.7"
"2012/2/2","142.7"
"2012/2/3","144.9"
"2012/2/4",""
"2012/2/5",""
"2012/2/6","144.9"
"2012/2/7","144.9"
"2012/2/8","144.9"
"2012/2/9","144.9"
"2012/2/10","144.9"
"2012/2/11",""
"2012/2/12",""
"2012/2/13","144.9"
"2012/2/14","143.5"
"2012/2/15","143.5"
"2012/2/16","142.2"
"2012/2/17","142.2"
"2012/2/18",""
"2012/2/19",""
"2012/2/20","142.2"
"2012/2/21","142.2"
"2012/2/22","142.2"
"2012/2/23","142.2"
"2012/2/24","142.2"
"2012/2/25",""
"2012/2/26",""
"2012/2/27","142.2"
"2012/2/28","143.5"
"2012/2/29","143.5"
"2012/3/1","143.5"
"2012/3/2","143.5"
"2012/3/3",""
"2012/3/4",""
"2012/3/5","143.5"
"2012/3/6","143.5"
"2012/3/7","143.5"
"2012/3/8","142.4"
"2012/3/9","141.5"
"2012/3/10",""
"2012/3/11",""
"2012/3/12","141.5"
"2012/3/13","141.5"
"2012/3/14","142.8"
"2012/3/15","142.8"
"2012/3/16","142.8"
"2012/3/17",""
"2012/3/18",""
"2012/3/19","142.8"
"2012/3/20","142.8"
"2012/3/21","142.8"
"2012/3/22","142.8"
"2012/3/23","142.8"
"2012/3/24",""
"2012/3/25",""
"2012/3/26","142.8"
"2012/3/27","142.8"
"2012/3/28","142.8"
"2012/3/29","142.8"
"2012/3/30","142.8"
"2012/3/31","142.8"
"2012/4/1","142.8"
"2012/4/2",""
"2012/4/3",""
"2012/4/4",""
"2012/4/5","142.8"
"2012/4/6","142.8"
"2012/4/7",""
"2012/4/8",""
"2012/4/9","142.8"
"2012/4/10","142.8"
"2012/4/11","142.8"
"2012/4/12","142.8"
"2012/4/13","142.8"
"2012/4/14",""
"2012/4/15",""
"2012/4/16","142.8"
"2012/4/17","142.8"
"2012/4/18","142.8"
"2012/4/19","142.8"
"2012/4/20","142.8"
"2012/4/21",""
"2012/4/22",""
"2012/4/23","142.8"
"2012/4/24","142.8"
"2012/4/25","141.5"
"2012/4/26","141.5"
"2012/4/27","141.5"
"2012/4/28","141.5"
"2012/4/29",""
"2012/4/30",""
"2012/5/1",""
"2012/5/2","141"
"2012/5/3","140.4"
"2012/5/4","140.4"
"2012/5/5",""
"2012/5/6",""
"2012/5/7","140.4"
"2012/5/8","140.4"
"2012/5/9","140.4"
"2012/5/10","139.6"
"2012/5/11","138.6"
"2012/5/12",""
"2012/5/13",""
"2012/5/14","138.6"
"2012/5/15","137.2"
"2012/5/16","136.4"
"2012/5/17","136.4"
"2012/5/18","136.3"
"2012/5/19",""
"2012/5/20",""
"2012/5/21","136.3"
"2012/5/22","134.1"
"2012/5/23","132.7"
"2012/5/24","132.7"
"2012/5/25","132.7"
"2012/5/26",""
"2012/5/27",""
"2012/5/28","132.7"
"2012/5/29","132.7"
"2012/5/30","133.4"
"2012/5/31","134"
"2012/6/1","134.5"
"2012/6/2",""
"2012/6/3",""
"2012/6/4","134.8"
"2012/6/5","134.2"
"2012/6/6","134.2"
"2012/6/7","134.2"
"2012/6/8","134.2"
"2012/6/9",""
"2012/6/10",""
"2012/6/11","134.2"
"2012/6/12","134.2"
"2012/6/13","134.2"
"2012/6/14","134.2"
"2012/6/15","134.8"
"2012/6/16",""
"2012/6/17",""
"2012/6/18","134.8"
"2012/6/19","136.2"
"2012/6/20","137"
"2012/6/21","137"
"2012/6/22",""
"2012/6/23",""
"2012/6/24",""
"2012/6/25","137"
"2012/6/26","137"
"2012/6/27","136.9"
"2012/6/28","136.6"
"2012/6/29","136.6"
"2012/6/30",""
"2012/7/1",""
"2012/7/2","136.6"
"2012/7/3","136.2"
"2012/7/4","136.2"
"2012/7/5","136.2"
"2012/7/6","136.1"
"2012/7/7",""
"2012/7/8",""
"2012/7/9","136.1"
"2012/7/10","136.1"
"2012/7/11","135.6"
"2012/7/12","135.6"
"2012/7/13","135.1"
"2012/7/14",""
"2012/7/15",""
"2012/7/16","134.7"
"2012/7/17","134"
"2012/7/18","132.8"
"2012/7/19","131.8"
"2012/7/20","130.4"
"2012/7/21",""
"2012/7/22",""
"2012/7/23","128.9"
"2012/7/24","126.9"
"2012/7/25","125.6"
"2012/7/26","124.1"
"2012/7/27","123.3"
"2012/7/28",""
"2012/7/29",""
"2012/7/30","123.3"
"2012/7/31","124.1"
"2012/8/1","124.1"
"2012/8/2","124.1"
"2012/8/3","123.5"
"2012/8/4",""
"2012/8/5",""
"2012/8/6","123.5"
"2012/8/7","123.5"
"2012/8/8","123.5"
"2012/8/9","123.5"
"2012/8/10","122.3"
"2012/8/11",""
"2012/8/12",""
"2012/8/13","121.1"
"2012/8/14","119.7"
"2012/8/15","118.4"
"2012/8/16","117.2"
"2012/8/17","115.7"
"2012/8/18",""
"2012/8/19",""
"2012/8/20","115"
"2012/8/21","114.1"
"2012/8/22","112.5"
"2012/8/23","110.9"
"2012/8/24","108.34"
"2012/8/25",""
"2012/8/26",""
"2012/8/27","106.5"
"2012/8/28","104.8"
"2012/8/29","103.1"
"2012/8/30","101.6"
"2012/8/31","99.7"
"2012/9/1",""
"2012/9/2",""
"2012/9/3","97.5"
"2012/9/4","96.1"
"2012/9/5","95.3"
"2012/9/6","94"
"2012/9/7","93"
"2012/9/8",""
"2012/9/9",""
"2012/9/10","93.6"
"2012/9/11","103.2"
"2012/9/12","106.1"
"2012/9/13","104.8"
"2012/9/14","104.2"
"2012/9/15",""
"2012/9/16",""
"2012/9/17","109.6"
"2012/9/18","114.4"
"2012/9/19","116.2"
"2012/9/20","117.2"
"2012/9/21","115.7"
"2012/9/22",""
"2012/9/23",""
"2012/9/24","114.7"
"2012/9/25","113.8"
"2012/9/26","113.3"
"2012/9/27","113.3"
"2012/9/28","113"
"2012/9/29","112.6"
"2012/9/30",""
"2012/10/1",""
"2012/10/2",""
"2012/10/3",""
"2012/10/4",""
"2012/10/5",""
"2012/10/6",""
"2012/10/7",""
"2012/10/8","115.2"
"2012/10/9","119.2"
"2012/10/10","119.2"
"2012/10/11","119.2"
"2012/10/12","118.5"
"2012/10/13",""
"2012/10/14",""
"2012/10/15","116.1"
"2012/10/16","116.1"
"2012/10/17","115.1"
"2012/10/18","115.4"
"2012/10/19","116.7"
"2012/10/20",""
"2012/10/21",""
"2012/10/22","117.5"
"2012/10/23","118.9"
"2012/10/24","119.6"
"2012/10/25","119.6"
"2012/10/26","118.9"
"2012/10/27",""
"2012/10/28",""
"2012/10/29","118.7"
"2012/10/30","118.1"
"2012/10/31","118"
"2012/11/1","117.5"
"2012/11/2","117.8"
"2012/11/3",""
"2012/11/4",""
"2012/11/5","118.1"
"2012/11/6","118.1"
"2012/11/7","118.1"
"2012/11/8","118.1"
"2012/11/9","118.2"
"2012/11/10",""
"2012/11/11",""
"2012/11/12","118.2"
"2012/11/13","118.2"
"2012/11/14","118.2"
"2012/11/15","118.2"
"2012/11/16","118.2"
"2012/11/17",""
"2012/11/18",""
"2012/11/19","117.2"
"2012/11/20","116.8"
"2012/11/21","116.6"
"2012/11/22","116.6"
"2012/11/23","116.6"
"2012/11/24",""
"2012/11/25",""
"2012/11/26","116.3"
"2012/11/27","115.9"
"2012/11/28","115.9"
"2012/11/29","115.8"
"2012/11/30","115.1"
"2012/12/1",""
"2012/12/2",""
"2012/12/3","114.7"
"2012/12/4","114.5"
"2012/12/5","115.2"
"2012/12/6","115.6"
"2012/12/7","116.8"
"2012/12/8",""
"2012/12/9",""
"2012/12/10","118.4"
"2012/12/11","120.8"
"2012/12/12","121.3"
"2012/12/13","121.3"
"2012/12/14","121.8"
"2012/12/15",""
"2012/12/16",""
"2012/12/17","126.2"
"2012/12/18","130.9"
"2012/12/19","130.9"
"2012/12/20","131.5"
"2012/12/21","131.5"
"2012/12/22",""
"2012/12/23",""
"2012/12/24","131.5"
"2012/12/25","131.5"
"2012/12/26","131.5"
"2012/12/27","134.1"
"2012/12/28","136.3"
"2012/12/29",""
"2012/12/30",""
"2012/12/31","136.3"
"2013/1/1",""
"2013/1/2",""
"2013/1/3",""
"2013/1/4","140.9"
"2013/1/5","143.5"
"2013/1/6","145.2"
"2013/1/7","146.1"
"2013/1/8","146.1"
"2013/1/9","147"
"2013/1/10","147"
"2013/1/11","146.1"
"2013/1/12",""
"2013/1/13",""
"2013/1/14","145"
"2013/1/15","143.9"
"2013/1/16","142.6"
"2013/1/17","140.3"
"2013/1/18","138.5"
"2013/1/19",""
"2013/1/20",""
"2013/1/21","138.5"
"2013/1/22","139.5"
"2013/1/23","140.3"
"2013/1/24","141.1"
"2013/1/25","141.8"
"2013/1/26",""
"2013/1/27",""
"2013/1/28","141.9"
"2013/1/29","141.9"
"2013/1/30","141.9"
"2013/1/31","141.9"
"2013/2/1","141.9"
"2013/2/2",""
"2013/2/3",""
"2013/2/4","141.9"
"2013/2/5","144.3"
"2013/2/6","144.3"
"2013/2/7","144.3"
"2013/2/8","144.3"
"2013/2/9",""
"2013/2/10",""
"2013/2/11",""
"2013/2/12",""
"2013/2/13",""
"2013/2/14",""
"2013/2/15",""
"2013/2/16","144.3"
"2013/2/17","145"
"2013/2/18","145.8"
"2013/2/19","148.1"
"2013/2/20","148.7"
"2013/2/21","148.7"
"2013/2/22","147.4"
"2013/2/23",""
"2013/2/24",""
"2013/2/25","145.9"
"2013/2/26","144.8"
"2013/2/27","144"
"2013/2/28","144"
"2013/3/1","143.6"
"2013/3/2",""
"2013/3/3",""
"2013/3/4","143.6"
"2013/3/5","143.3"
"2013/3/6","142"
"2013/3/7","142"
"2013/3/8","142"
"2013/3/9",""
"2013/3/10",""
"2013/3/11","142"
"2013/3/12","141.1"
"2013/3/13","139.9"
"2013/3/14","138.5"
"2013/3/15","133.2"
"2013/3/16",""
"2013/3/17",""
"2013/3/18","133.2"
"2013/3/19","131.6"
"2013/3/20","130.9"
"2013/3/21","130.5"
"2013/3/22","130.5"
"2013/3/23",""
"2013/3/24",""
"2013/3/25","130.9"
"2013/3/26","130.9"
"2013/3/27","132.1"
"2013/3/28","132.9"
"2013/3/29","132.5"
"2013/3/30",""
"2013/3/31",""
"2013/4/1","131.6"
"2013/4/2","130.7"
"2013/4/3","130.7"
"2013/4/4",""
"2013/4/5",""
"2013/4/6",""
"2013/4/7","131"
"2013/4/8","131"
"2013/4/9","132.2"
"2013/4/10","133.6"
"2013/4/11","134.8"
"2013/4/12","135"
"2013/4/13",""
"2013/4/14",""
"2013/4/15","135"
"2013/4/16","135"
"2013/4/17","133.7"
"2013/4/18","133.7"
"2013/4/19","133.7"
"2013/4/20",""
"2013/4/21",""
"2013/4/22","132.7"
"2013/4/23","132.5"
"2013/4/24","131.9"
"2013/4/25","131.5"
"2013/4/26","130.9"
"2013/4/27","130.2"
"2013/4/28","130.2"
"2013/4/29",""
"2013/4/30",""
"2013/5/1",""
"2013/5/2","129.9"
"2013/5/3","128.8"
"2013/5/4",""
"2013/5/5",""
"2013/5/6","128.1"
"2013/5/7","128.1"
"2013/5/8","128.2"
"2013/5/9","128.2"
"2013/5/10","128.2"
"2013/5/11",""
"2013/5/12",""
"2013/5/13","128"
"2013/5/14","127"
"2013/5/15","126.3"
"2013/5/16","126"
"2013/5/17","124.7"
"2013/5/18",""
"2013/5/19",""
"2013/5/20","124.2"
"2013/5/21","123.4"
"2013/5/22","123.4"
"2013/5/23","122.9"
"2013/5/24","122.9"
"2013/5/25",""
"2013/5/26",""
"2013/5/27","122.5"
"2013/5/28","121.1"
"2013/5/29","119.4"
"2013/5/30","117.6"
"2013/5/31","113.8"
"2013/6/1",""
"2013/6/2",""
"2013/6/3","113.2"
"2013/6/4","114.5"
"2013/6/5","116.3"
"2013/6/6","116.7"
"2013/6/7","115.6"
"2013/6/8","114.2"
"2013/6/9","113.2"
"2013/6/10",""
"2013/6/11",""
"2013/6/12",""
"2013/6/13","113.2"
"2013/6/14","114.2"
"2013/6/15",""
"2013/6/16",""
"2013/6/17","115"
"2013/6/18","116.4"
"2013/6/19","117.7"
"2013/6/20","119"
"2013/6/21","119"
"2013/6/22",""
"2013/6/23",""
"2013/6/24","118.1"
"2013/6/25","117.2"
"2013/6/26","115.8"
"2013/6/27","115.3"
"2013/6/28","116.1"
"2013/6/29",""
"2013/6/30",""
"2013/7/1","117.8"
"2013/7/2","118.6"
"2013/7/3","118.7"
"2013/7/4","119.9"
"2013/7/5","120.3"
"2013/7/6",""
"2013/7/7",""
"2013/7/8","120.3"
"2013/7/9","120.3"
"2013/7/10","120.3"
"2013/7/11","120.3"
"2013/7/12","121.6"
"2013/7/13",""
"2013/7/14",""
"2013/7/15","122.5"
"2013/7/16","123.5"
"2013/7/17","123.5"
"2013/7/18","124.1"
"2013/7/19","124.9"
"2013/7/20",""
"2013/7/21",""
"2013/7/22","124.7"
"2013/7/23","124.7"
"2013/7/24","124.7"
"2013/7/25","125.8"
"2013/7/26","126"
"2013/7/27",""
"2013/7/28",""
"2013/7/29","125.9"
"2013/7/30","125.6"
"2013/7/31","125.6"
"2013/8/1","124.9"
"2013/8/2","124.6"
"2013/8/3",""
"2013/8/4",""
"2013/8/5","124.6"
"2013/8/6","125.2"
"2013/8/7","125.8"
"2013/8/8","127.1"
"2013/8/9","127.5"
"2013/8/10",""
"2013/8/11",""
"2013/8/12","128.1"
"2013/8/13","129.4"
"2013/8/14","132.4"
"2013/8/15","133.3"
"2013/8/16","132.8"
"2013/8/17",""
"2013/8/18",""
"2013/8/19","131.6"
"2013/8/20","131.6"
"2013/8/21","131.6"
"2013/8/22","130.6"
"2013/8/23","130.3"
"2013/8/24",""
"2013/8/25",""
"2013/8/26","130.3"
"2013/8/27","130.6"
"2013/8/28","130.6"
"2013/8/29","131"
"2013/8/30","131"
"2013/8/31",""
"2013/9/1",""
"2013/9/2","130.7"
"2013/9/3","132"
"2013/9/4","132"
"2013/9/5","132"
"2013/9/6","131.1"
"2013/9/7",""
"2013/9/8",""
"2013/9/9","131.1"
"2013/9/10","131.1"
"2013/9/11","131.1"
"2013/9/12","131.1"
"2013/9/13","130.7"
"2013/9/14",""
"2013/9/15",""
"2013/9/16","130.3"
"2013/9/17","130"
"2013/9/18","129.3"
"2013/9/19",""
"2013/9/20",""
"2013/9/21",""
"2013/9/22","129.3"
"2013/9/23","129.3"
"2013/9/24","129.3"
"2013/9/25","129.3"
"2013/9/26","128.9"
"2013/9/27","128"
"2013/9/28",""
"2013/9/29","127.8"
"2013/9/30","127.8"
"2013/10/1",""
"2013/10/2",""
"2013/10/3",""
"2013/10/4",""
"2013/10/5",""
"2013/10/6",""
"2013/10/7",""
"2013/10/8","127.8"
"2013/10/9","127.5"
"2013/10/10","127"
"2013/10/11","127.2"
"2013/10/12","127.8"
"2013/10/13",""
"2013/10/14","127.8"
"2013/10/15","127.8"
"2013/10/16","127.9"
"2013/10/17","128.2"
"2013/10/18","128.2"
"2013/10/19",""
"2013/10/20",""
"2013/10/21","127.9"
"2013/10/22","127.5"
"2013/10/23","127.3"
"2013/10/24","127.3"
"2013/10/25","127"
"2013/10/26",""
"2013/10/27",""
"2013/10/28","126.9"
"2013/10/29","126.4"
"2013/10/30","125.7"
"2013/10/31","125.7"
"2013/11/1","125.9"
"2013/11/2",""
"2013/11/3",""
"2013/11/4","126.2"
"2013/11/5","127.5"
"2013/11/6","127.5"
"2013/11/7","127.9"
"2013/11/8","128.2"
"2013/11/9",""
"2013/11/10",""
"2013/11/11","127.8"
"2013/11/12","127.5"
"2013/11/13","127.5"
"2013/11/14","127.5"
"2013/11/15","127.5"
"2013/11/16",""
"2013/11/17",""
"2013/11/18","127.5"
"2013/11/19","126.9"
"2013/11/20","126.2"
"2013/11/21","126.2"
"2013/11/22","126.2"
"2013/11/23",""
"2013/11/24",""
"2013/11/25","126.2"
"2013/11/26","126.2"
"2013/11/27","126.2"
"2013/11/28","126.2"
"2013/11/29","126.2"
"2013/11/30",""
"2013/12/1",""
"2013/12/2","126.2"
"2013/12/3","126.2"
"2013/12/4","126.2"
"2013/12/5","126.2"
"2013/12/6","126.4"
"2013/12/7",""
"2013/12/8",""
"2013/12/9","126.4"
"2013/12/10","126.4"
"2013/12/11","126.4"
"2013/12/12","126.3"
"2013/12/13","126.3"
"2013/12/14",""
"2013/12/15",""
"2013/12/16","126.3"
"2013/12/17","126"
"2013/12/18","126"
"2013/12/19","125.3"
"2013/12/20","124.7"
"2013/12/21",""
"2013/12/22",""
"2013/12/23","124.7"
"2013/12/24","124.1"
"2013/12/25","123.7"
"2013/12/26","123.7"
"2013/12/27","123.9"
"2013/12/28",""
"2013/12/29",""
"2013/12/30","123.9"
"2013/12/31","124.1"
"2014/1/1",""
"2014/1/2","124.6"
"2014/1/3","124.9"
"2014/1/4",""
"2014/1/5",""
"2014/1/6","125.2"
"2014/1/7","124.9"
"2014/1/8","124.9"
"2014/1/9","124.4"
"2014/1/10","124.4"
"2014/1/11",""
"2014/1/12",""
"2014/1/13","124.4"
"2014/1/14","123.9"
"2014/1/15","123"
"2014/1/16","123"
"2014/1/17","122.8"
"2014/1/18",""
"2014/1/19",""
"2014/1/20","122.2"
"2014/1/21","121.2"
"2014/1/22","120.4"
"2014/1/23","119.6"
"2014/1/24","119.6"
"2014/1/25",""
"2014/1/26","119.7"
"2014/1/27","119.7"
"2014/1/28","119.6"
"2014/1/29","118.9"
"2014/1/30","118.9"
"2014/1/31",""
"2014/2/1",""
"2014/2/2",""
"2014/2/3",""
"2014/2/4",""
"2014/2/5",""
"2014/2/6",""
"2014/2/7","118.9"
"2014/2/8","118.9"
"2014/2/9",""
"2014/2/10","118.1"
"2014/2/11","117.4"
"2014/2/12","116.2"
"2014/2/13","116.2"
"2014/2/14","116.3"
"2014/2/15",""
"2014/2/16",""
"2014/2/17","116.3"
"2014/2/18","116.4"
"2014/2/19","116.4"
"2014/2/20","116.4"
"2014/2/21","115.7"
"2014/2/22",""
"2014/2/23",""
"2014/2/24","115.4"
"2014/2/25","114.5"
"2014/2/26","113"
"2014/2/27","111.8"
"2014/2/28","111.2"
"2014/3/1",""
"2014/3/2",""
"2014/3/3","111.2"
"2014/3/4","110.7"
"2014/3/5","110.1"
"2014/3/6","109"
"2014/3/7","108.3"
"2014/3/8",""
"2014/3/9",""
"2014/3/10","107.3"
"2014/3/11","103.6"
"2014/3/12","101.6"
"2014/3/13","101.6"
"2014/3/14","102.2"
"2014/3/15",""
"2014/3/16",""
"2014/3/17","102.6"
"2014/3/18","102.6"
"2014/3/19","102.6"
"2014/3/20","102.2"
"2014/3/21","102"
"2014/3/22",""
"2014/3/23",""
"2014/3/24","102"
"2014/3/25","102.2"
"2014/3/26","102.7"
"2014/3/27","103"
"2014/3/28","103"
"2014/3/29",""
"2014/3/30",""
"2014/3/31","103"
"2014/4/1","104.9"
"2014/4/2","105.8"
"2014/4/3","105.5"
"2014/4/4","105.1"
"2014/4/5",""
"2014/4/6",""
"2014/4/7",""
"2014/4/8","106.5"
"2014/4/9","108.7"
"2014/4/10","109.8"
"2014/4/11","109.8"
"2014/4/12",""
"2014/4/13",""
"2014/4/14","109.8"
"2014/4/15","108.9"
"2014/4/16","108.4"
"2014/4/17","107.3"
"2014/4/18","106.7"
"2014/4/19",""
"2014/4/20",""
"2014/4/21","105.9"
"2014/4/22","105.5"
"2014/4/23","104.2"
"2014/4/24","103.4"
"2014/4/25","103.4"
"2014/4/26",""
"2014/4/27",""
"2014/4/28","103.4"
"2014/4/29","102.2"
"2014/4/30","101.3"
"2014/5/1",""
"2014/5/2",""
"2014/5/3",""
"2014/5/4","100.9"
"2014/5/5","100.9"
"2014/5/6","100.9"
"2014/5/7","100.6"
"2014/5/8","100.2"
"2014/5/9","99.5"
"2014/5/10",""
"2014/5/11",""
"2014/5/12","99.3"
"2014/5/13","98.5"
"2014/5/14","98.4"
"2014/5/15","98.4"
"2014/5/16","98.2"
"2014/5/17",""
"2014/5/18",""
"2014/5/19","97.9"
"2014/5/20","96.3"
"2014/5/21","95.8"
"2014/5/22","95.3"
"2014/5/23","95.3"
"2014/5/24",""
"2014/5/25",""
"2014/5/26","95.3"
"2014/5/27","95.1"
"2014/5/28","94.9"
"2014/5/29","94.3"
"2014/5/30","94.1"
"2014/5/31",""
"2014/6/1",""
"2014/6/2",""
"2014/6/3","92.9"
"2014/6/4","92.1"
"2014/6/5","91.4"
"2014/6/6","91.4"
"2014/6/7",""
"2014/6/8",""
"2014/6/9","91.4"
"2014/6/10","91.1"
"2014/6/11","90.5"
"2014/6/12","89.7"
"2014/6/13","88.7"
"2014/6/14",""
"2014/6/15",""
"2014/6/16","86.8"
"2014/6/17","86.4"
"2014/6/18","85.7"
"2014/6/19","85.6"
"2014/6/20","85.6"
"2014/6/21",""
"2014/6/22",""
"2014/6/23","85.6"
"2014/6/24","86.9"
"2014/6/25","87"
"2014/6/26","87"
"2014/6/27","87.6"
"2014/6/28",""
"2014/6/29",""
"2014/6/30","87.6"
"2014/7/1","87.4"
"2014/7/2","87.2"
"2014/7/3","88.1"
"2014/7/4","89.4"
"2014/7/5",""
"2014/7/6",""
"2014/7/7","89.6"
"2014/7/8","90"
"2014/7/9","90"
"2014/7/10","90"
"2014/7/11","90"
"2014/7/12",""
"2014/7/13",""
"2014/7/14","90"
"2014/7/15","90.8"
"2014/7/16","91.1"
"2014/7/17","91.3"
"2014/7/18","91.3"
"2014/7/19",""
"2014/7/20",""
"2014/7/21","90.3"
"2014/7/22","88.1"
"2014/7/23","88.9"
"2014/7/24","88.7"
"2014/7/25","88.4"
"2014/7/26",""
"2014/7/27",""
"2014/7/28","88.4"
"2014/7/29","88.3"
"2014/7/30","89"
"2014/7/31","89"
"2014/8/1","89"
"2014/8/2",""
"2014/8/3",""
"2014/8/4","89"
"2014/8/5","89"
"2014/8/6","89"
"2014/8/7","89"
"2014/8/8","88.9"
"2014/8/9",""
"2014/8/10",""
"2014/8/11","88.7"
"2014/8/12","88.7"
"2014/8/13","88"
"2014/8/14","87.3"
"2014/8/15","86.5"
"2014/8/16",""
"2014/8/17",""
"2014/8/18","86.4"
"2014/8/19","86.4"
"2014/8/20","86.2"
"2014/8/21","85.9"
"2014/8/22","85.5"
"2014/8/23",""
"2014/8/24",""
"2014/8/25","85.1"
"2014/8/26","84.3"
"2014/8/27","84"
"2014/8/28","84"
"2014/8/29","83.4"
"2014/8/30",""
"2014/8/31",""
"2014/9/1","83.4"
"2014/9/2","83.4"
"2014/9/3","83.1"
"2014/9/4","82.4"
"2014/9/5","82.4"
"2014/9/6",""
"2014/9/7",""
"2014/9/8",""
"2014/9/9","81.8"
"2014/9/10","81.7"
"2014/9/11","81.1"
"2014/9/12","80.4"
"2014/9/13",""
"2014/9/14",""
"2014/9/15","81.8"
"2014/9/16","82.9"
"2014/9/17","82.6"
"2014/9/18","82.4"
"2014/9/19","82.2"
"2014/9/20",""
"2014/9/21",""
"2014/9/22","81.8"
"2014/9/23","80.7"
"2014/9/24","80.2"
"2014/9/25","80.1"
"2014/9/26","79.9"
"2014/9/27",""
"2014/9/28","79.9"
"2014/9/29","79.8"
"2014/9/30","79.6"
"2014/10/1",""
"2014/10/2",""
"2014/10/3",""
"2014/10/4",""
"2014/10/5",""
"2014/10/6",""
"2014/10/7",""
"2014/10/8","81"
"2014/10/9","80.7"
"2014/10/10","80.1"
"2014/10/11","80"
"2014/10/12",""
"2014/10/13","80.5"
"2014/10/14","81.3"
"2014/10/15","81.3"
"2014/10/16","81.3"
"2014/10/17","81"
"2014/10/18",""
"2014/10/19",""
"2014/10/20","80.7"
"2014/10/21","80.5"
"2014/10/22","80.6"
"2014/10/23","80"
"2014/10/24","79"
"2014/10/25",""
"2014/10/26",""
"2014/10/27","79"
"2014/10/28","78"
"2014/10/29","77.2"
"2014/10/30","77"
"2014/10/31","76.3"
"2014/11/1",""
"2014/11/2",""
"2014/11/3","76.1"
"2014/11/4","76.1"
"2014/11/5","75.3"
"2014/11/6","75.1"
"2014/11/7","74.8"
"2014/11/8",""
"2014/11/9",""
"2014/11/10","74.8"
"2014/11/11","74.6"
"2014/11/12","74.6"
"2014/11/13","74.6"
"2014/11/14","74.6"
"2014/11/15",""
"2014/11/16",""
"2014/11/17","74.6"
"2014/11/18","74.3"
"2014/11/19","73.6"
"2014/11/20","72.9"
"2014/11/21","72.5"
"2014/11/22",""
"2014/11/23",""
"2014/11/24","72.5"
"2014/11/25","72.3"
"2014/11/26","71.5"
"2014/11/27","70.6"
"2014/11/28","70.9"
"2014/11/29",""
"2014/11/30",""
"2014/12/1","71.2"
"2014/12/2","71.2"
"2014/12/3","71.2"
"2014/12/4","70.9"
"2014/12/5","71"
"2014/12/6",""
"2014/12/7",""
"2014/12/8","70.7"
"2014/12/9","70.7"
"2014/12/10","70"
"2014/12/11","69.5"
"2014/12/12","69.3"
"2014/12/13",""
"2014/12/14",""
"2014/12/15","69.1"
"2014/12/16","68.6"
"2014/12/17","68.2"
"2014/12/18","67.7"
"2014/12/19","67.4"
"2014/12/20",""
"2014/12/21",""
"2014/12/22","67.4"
"2014/12/23","67.4"
"2014/12/24","66.6"
"2014/12/25","66.6"
"2014/12/26","66.5"
"2014/12/27",""
"2014/12/28",""
"2014/12/29","66.4"
"2014/12/30","67.3"
"2014/12/31","69"
"2015/1/1",""
"2015/1/2",""
"2015/1/3",""
"2015/1/4","69"
"2015/1/5","69.4"
"2015/1/6","69.4"
"2015/1/7","69.7"
"2015/1/8","69.8"
"2015/1/9","69.8"
"2015/1/10",""
"2015/1/11",""
"2015/1/12","69.3"
"2015/1/13","68.4"
"2015/1/14","68"
"2015/1/15","67.5"
"2015/1/16","67.3"
"2015/1/17",""
"2015/1/18",""
"2015/1/19","67.3"
"2015/1/20","67"
"2015/1/21","66.8"
"2015/1/22","66.7"
"2015/1/23","66.1"
"2015/1/24",""
"2015/1/25",""
"2015/1/26","66.1"
"2015/1/27","65.9"
"2015/1/28","65.2"
"2015/1/29","64.9"
"2015/1/30","64.9"
"2015/1/31",""
"2015/2/1",""
"2015/2/2","64.9"
"2015/2/3","64.9"
"2015/2/4","64.8"
"2015/2/5","64.7"
"2015/2/6","64.6"
"2015/2/7",""
"2015/2/8",""
"2015/2/9","64.9"
"2015/2/10","64.5"
"2015/2/11","64.3"
"2015/2/12","64.3"
"2015/2/13","64.3"
"2015/2/14",""
"2015/2/15","64.3"
"2015/2/16","64.3"
"2015/2/17","64.3"
"2015/2/18",""
"2015/2/19",""
"2015/2/20",""
"2015/2/21",""
"2015/2/22",""
"2015/2/23",""
"2015/2/24",""
"2015/2/25","64.3"
"2015/2/26","64.3"
"2015/2/27","64.3"
"2015/2/28","64.3"
"2015/3/1",""
"2015/3/2","64.3"
"2015/3/3","64.3"
"2015/3/4","64.2"
"2015/3/5","63.8"
"2015/3/6","63.4"
"2015/3/7",""
"2015/3/8",""
"2015/3/9","63.1"
"2015/3/10","62.1"
"2015/3/11","61.4"
"2015/3/12","61"
"2015/3/13","61"
"2015/3/14",""
"2015/3/15",""
"2015/3/16","61"
"2015/3/17","60.9"
"2015/3/18","60.9"
"2015/3/19","60.9"
"2015/3/20","60.8"
"2015/3/21",""
"2015/3/22",""
"2015/3/23","60.8"
"2015/3/24","60.8"
"2015/3/25","59.1"
"2015/3/26","59.1"
"2015/3/27","58.9"
"2015/3/28",""
"2015/3/29",""
"2015/3/30","58.7"
"2015/3/31","56.6"
"2015/4/1","55.7"
"2015/4/2","54.7"
"2015/4/3","53.5"
"2015/4/4",""
"2015/4/5",""
"2015/4/6",""
"2015/4/7","53.1"
"2015/4/8","53.1"
"2015/4/9","52.9"
"2015/4/10","52.5"
"2015/4/11",""
"2015/4/12",""
"2015/4/13","52.5"
"2015/4/14","52.5"
"2015/4/15","53.3"
"2015/4/16","53.3"
"2015/4/17","53.4"
"2015/4/18",""
"2015/4/19",""
"2015/4/20","53.4"
"2015/4/21","53.4"
"2015/4/22","53.4"
"2015/4/23","54.4"
"2015/4/24","54.8"
"2015/4/25",""
"2015/4/26",""
"2015/4/27","56"
"2015/4/28","59.4"
"2015/4/29","59.3"
"2015/4/30","58.5"
"2015/5/1",""
"2015/5/2",""
"2015/5/3",""
"2015/5/4","57.9"
"2015/5/5","58.3"
"2015/5/6","59.5"
"2015/5/7","60"
"2015/5/8","60"
"2015/5/9",""
"2015/5/10",""
"2015/5/11","60"
"2015/5/12","60.5"
"2015/5/13","61"
"2015/5/14","61"
"2015/5/15","60.6"
"2015/5/16",""
"2015/5/17",""
"2015/5/18","60.4"
"2015/5/19","60.4"
"2015/5/20","60.1"
"2015/5/21","59.6"
"2015/5/22","59.6"
"2015/5/23",""
"2015/5/24",""
"2015/5/25","59.6"
"2015/5/26","60"
"2015/5/27","61.1"
"2015/5/28","61.2"
"2015/5/29","60.9"
"2015/5/30",""
"2015/5/31",""
"2015/6/1","60.9"
"2015/6/2","61.6"
"2015/6/3","62.8"
"2015/6/4","63.2"
"2015/6/5","63.4"
"2015/6/6",""
"2015/6/7",""
"2015/6/8","63.4"
"2015/6/9","63.4"
"2015/6/10","63.4"
"2015/6/11","64"
"2015/6/12","64.3"
"2015/6/13",""
"2015/6/14",""
"2015/6/15","64.3"
"2015/6/16","64.3"
"2015/6/17","64.3"
"2015/6/18","63.7"
"2015/6/19","63.3"
"2015/6/20",""
"2015/6/21",""
"2015/6/22",""
"2015/6/23","63.2"
"2015/6/24","63"
"2015/6/25","63"
"2015/6/26","63.2"
"2015/6/27",""
"2015/6/28",""
"2015/6/29","63.2"
"2015/6/30","62.8"
"2015/7/1","61.7"
"2015/7/2","61.5"
"2015/7/3","60.9"
"2015/7/4",""
"2015/7/5",""
"2015/7/6","60.2"
"2015/7/7","58.5"
"2015/7/8","56.4"
"2015/7/9","53.9"
"2015/7/10","54.8"
"2015/7/11",""
"2015/7/12",""
"2015/7/13","54.4"
"2015/7/14","54.2"
"2015/7/15","54.8"
"2015/7/16","54.4"
"2015/7/17","54.5"
"2015/7/18",""
"2015/7/19",""
"2015/7/20","54.1"
"2015/7/21","55.9"
"2015/7/22","55.9"
"2015/7/23","54.8"
"2015/7/24","54.7"
"2015/7/25",""
"2015/7/26",""
"2015/7/27","54.7"
"2015/7/28","54.7"
"2015/7/29","56.3"
"2015/7/30","56.3"
"2015/7/31","57.1"
"2015/8/1",""
"2015/8/2",""
"2015/8/3","58.6"
"2015/8/4","58.6"
"2015/8/5","58.3"
"2015/8/6","58.4"
"2015/8/7","58.6"
"2015/8/8",""
"2015/8/9",""
"2015/8/10","58.6"
"2015/8/11","58.4"
"2015/8/12","58.4"
"2015/8/13","58.4"
"2015/8/14","58.9"
"2015/8/15",""
"2015/8/16",""
"2015/8/17","58.9"
"2015/8/18","58.9"
"2015/8/19","58.9"
"2015/8/20","58.6"
"2015/8/21","58.2"
"2015/8/22",""
"2015/8/23",""
"2015/8/24","58.2"
"2015/8/25","57"
"2015/8/26","56.6"
"2015/8/27","56.8"
"2015/8/28","56.8"
"2015/8/29",""
"2015/8/30",""
"2015/8/31","56.9"
"2015/9/1","57.9"
"2015/9/2","58.2"
"2015/9/3",""
"2015/9/4",""
"2015/9/5",""
"2015/9/6","58.2"
"2015/9/7","58.6"
"2015/9/8","58.7"
"2015/9/9","59.2"
"2015/9/10","60.3"
"2015/9/11","60.7"
"2015/9/12",""
"2015/9/13",""
"2015/9/14","60.7"
"2015/9/15","60.7"
"2015/9/16","60.1"
"2015/9/17","60.1"
"2015/9/18","60.1"
"2015/9/19",""
"2015/9/20",""
"2015/9/21","60.1"
"2015/9/22","59.8"
"2015/9/23","59.4"
"2015/9/24","59"
"2015/9/25","58.6"
"2015/9/26",""
"2015/9/27",""
"2015/9/28","58.6"
"2015/9/29","58.4"
"2015/9/30","58.2"
"2015/10/1",""
"2015/10/2",""
"2015/10/3",""
"2015/10/4",""
"2015/10/5",""
"2015/10/6",""
"2015/10/7",""
"2015/10/8","58.2"
"2015/10/9","57.8"
"2015/10/10","57.8"
"2015/10/11",""
"2015/10/12","57.8"
"2015/10/13","57.8"
"2015/10/14","57.8"
"2015/10/15","57.7"
"2015/10/16","57.5"
"2015/10/17",""
"2015/10/18",""
"2015/10/19","57.2"
"2015/10/20","57.1"
"2015/10/21","57"
"2015/10/22","55.9"
"2015/10/23","55.7"
"2015/10/24",""
"2015/10/25",""
"2015/10/26","55.5"
"2015/10/27","54.7"
"2015/10/28","53.9"
"2015/10/29","53.9"
"2015/10/30","53.2"
"2015/10/31",""
"2015/11/1",""
"2015/11/2","52.9"
"2015/11/3","52.7"
"2015/11/4","51.6"
"2015/11/5","50.9"
"2015/11/6","50.9"
"2015/11/7",""
"2015/11/8",""
"2015/11/9","50.3"
"2015/11/10","50.3"
"2015/11/11","50.3"
"2015/11/12","50.3"
"2015/11/13","50.3"
"2015/11/14",""
"2015/11/15",""
"2015/11/16","50.3"
"2015/11/17","50.3"
"2015/11/18","49.7"
"2015/11/19","49.2"
"2015/11/20","48.5"
"2015/11/21",""
"2015/11/22",""
"2015/11/23","48.5"
"2015/11/24","48.2"
"2015/11/25","47.7"
"2015/11/26","47.1"
"2015/11/27","47.1"
"2015/11/28",""
"2015/11/29",""
"2015/11/30","46.5"
"2015/12/1","45.8"
"2015/12/2","45.1"
"2015/12/3","44.4"
"2015/12/4","43.8"
"2015/12/5",""
"2015/12/6",""
"2015/12/7","43.4"
"2015/12/8","43.4"
"2015/12/9","42.8"
"2015/12/10","42.7"
"2015/12/11","42.4"
"2015/12/12",""
"2015/12/13",""
"2015/12/14","42.1"
"2015/12/15","41.8"
"2015/12/16","42.2"
"2015/12/17","42.1"
"2015/12/18","42.1"
"2015/12/19",""
"2015/12/20",""
"2015/12/21","43"
"2015/12/22","43.5"
"2015/12/23","44.1"
"2015/12/24","44.2"
"2015/12/25","44.6"
"2015/12/26",""
"2015/12/27",""
"2015/12/28","44.5"
"2015/12/29","44.4"
"2015/12/30","45.4"
"2015/12/31","45.6"
"2016/1/1",""
"2016/1/2",""
"2016/1/3",""
"2016/1/4","46.9"
"2016/1/5","47.5"
"2016/1/6","47.5"
"2016/1/7","47.4"
"2016/1/8","47.2"
"2016/1/9",""
"2016/1/10",""
"2016/1/11","46.8"
"2016/1/12","46.6"
"2016/1/13","46.4"
"2016/1/14","45.4"
"2016/1/15","45.1"
"2016/1/16",""
"2016/1/17",""
"2016/1/18","45.7"
"2016/1/19","46.1"
"2016/1/20","46"
"2016/1/21","46"
"2016/1/22","45.8"
"2016/1/23",""
"2016/1/24",""
"2016/1/25","45.7"
"2016/1/26","45.7"
"2016/1/27","45.7"
"2016/1/28","45.7"
"2016/1/29","45.8"
"2016/1/30",""
"2016/1/31",""
"2016/2/1","45.8"
"2016/2/2","45.9"
"2016/2/3","45.9"
"2016/2/4","45.9"
"2016/2/5","46.8"
"2016/2/6","46.8"
"2016/2/7",""
"2016/2/8",""
"2016/2/9",""
"2016/2/10",""
"2016/2/11",""
"2016/2/12",""
"2016/2/13",""
"2016/2/14","46.8"
"2016/2/15","46.8"
"2016/2/16","47.6"
"2016/2/17","48.4"
"2016/2/18","48.6"
"2016/2/19","48.6"
"2016/2/20",""
"2016/2/21",""
"2016/2/22","49.6"
"2016/2/23","51.9"
"2016/2/24","51.9"
"2016/2/25","51.4"
"2016/2/26","51.2"
"2016/2/27",""
"2016/2/28",""
"2016/2/29","50.8"
"2016/3/1","50.5"
"2016/3/2","51.5"
"2016/3/3","52.2"
"2016/3/4","52.9"
"2016/3/5",""
"2016/3/6",""
"2016/3/7","55"
"2016/3/8","65.9"
"2016/3/9","66.6"
"2016/3/10","63.9"
"2016/3/11","61.4"
"2016/3/12",""
"2016/3/13",""
"2016/3/14","60.1"
"2016/3/15","60.3"
"2016/3/16","56.6"
"2016/3/17","56"
"2016/3/18","57.7"
"2016/3/19",""
"2016/3/20",""
"2016/3/21","59"
"2016/3/22","59.8"
"2016/3/23","59.8"
"2016/3/24","59.4"
"2016/3/25","58.9"
"2016/3/26",""
"2016/3/27",""
"2016/3/28","57.7"
"2016/3/29","57.6"
"2016/3/30","56.3"
"2016/3/31","56.3"
"2016/4/1","56.3"
"2016/4/2",""
"2016/4/3",""
"2016/4/4",""
"2016/4/5","56.3"
"2016/4/6","56.4"
"2016/4/7","56.2"
"2016/4/8","56.5"
"2016/4/9",""
"2016/4/10",""
"2016/4/11","57"
"2016/4/12","58.2"
"2016/4/13","59.4"
"2016/4/14","61.7"
"2016/4/15","61.7"
"2016/4/16",""
"2016/4/17",""
"2016/4/18","61.2"
"2016/4/19","62.3"
"2016/4/20","63.5"
"2016/4/21","66.9"
"2016/4/22","70"
"2016/4/23",""
"2016/4/24",""
"2016/4/25","70"
"2016/4/26","68.4"
"2016/4/27","66.7"
"2016/4/28","64"
"2016/4/29","65.9"
"2016/4/30",""
"2016/5/1",""
"2016/5/2",""
"2016/5/3","67.4"
"2016/5/4","67"
"2016/5/5","64.9"
"2016/5/6","63.6"
"2016/5/7",""
"2016/5/8",""
"2016/5/9","62.7"
"2016/5/10","59.8"
"2016/5/11","58.1"
"2016/5/12","58.1"
"2016/5/13","58.1"
"2016/5/14",""
"2016/5/15",""
"2016/5/16","56.7"
"2016/5/17","55.8"
"2016/5/18","56.8"
"2016/5/19","56.7"
"2016/5/20","56.1"
"2016/5/21",""
"2016/5/22",""
"2016/5/23","55.8"
"2016/5/24","53.3"
"2016/5/25","52.3"
"2016/5/26","52.3"
"2016/5/27","51.6"
"2016/5/28",""
"2016/5/29",""
"2016/5/30","51.6"
"2016/5/31","50.6"
"2016/6/1","50.2"
