,date,PB_price,tegang_zonghe_zhishu,gangtie_cugang,gangtie_gangcai,haiyun_BDI,haiyun_BDTI,meiyuan_zhishu,psjgzs,pugang_zhishu,tkszs,WTI,CRU,fgzs
0,2013/7/10,965,96.6,210.21,294.03,1130,611,84.23,124,128.31,120.3,105.62,163.4,2413.6
1,2013/7/11,965,96.6,-1,-1,1139,613,82.92,126.5,128.46,120.3,104.38,-1,2413.6
2,2013/7/12,975,96.7,-1,-1,1149,612,83.16,128,128.87,121.6,105.55,-1,2415.6
3,2013/7/13,976.7,96.8,-1,-1,-1,-1,-1,-1,-1,-1,-1,-1,-1
4,2013/7/14,978.3,96.8,-1,-1,-1,-1,-1,-1,-1,-1,-1,-1,-1
5,2013/7/15,980,96.9,-1,-1,1151,611,83.2,129,129.49,122.5,105.92,-1,2417.8
6,2013/7/16,980,97.1,-1,-1,1152,609,82.64,129.25,129.92,123.5,105.69,-1,2405.8
7,2013/7/17,980,97.2,-1,-1,1151,617,82.84,129.5,130.19,123.5,106.35,-1,2407.5
8,2013/7/18,985,97.3,-1,-1,1146,630,82.95,131.5,130.47,124.1,107.81,-1,2409.5
9,2013/7/19,995,97.3,-1,-1,1138,650,82.71,132,130.61,124.9,107.87,-1,2409.5
10,2013/7/20,993.3,97.5,213.03,301.46,-1,-1,-1,-1,-1,-1,-1,-1,-1
11,2013/7/21,991.7,97.6,-1,-1,-1,-1,-1,-1,-1,-1,-1,-1,-1
12,2013/7/22,990,97.8,-1,-1,1135,650,82.32,131,130.85,124.7,106.94,-1,2411.9
13,2013/7/23,990,98,-1,-1,1127,649,82.04,131,131.09,124.7,107.23,-1,2469.9
14,2013/7/24,990,98.1,-1,-1,1117,646,82.4,131,131.27,124.7,105.39,-1,2486.4
15,2013/7/25,1000,98.1,-1,-1,1092,650,82.05,131.5,131.43,125.8,105.49,-1,2486.4
16,2013/7/26,1000,98.2,-1,-1,1082,653,81.76,131.5,131.42,126,104.7,-1,2486.4
17,2013/7/27,1000,98.2,-1,-1,-1,-1,-1,-1,-1,-1,-1,-1,-1
18,2013/7/28,1000,98.1,-1,-1,-1,-1,-1,-1,-1,-1,-1,-1,-1
19,2013/7/29,1000,98.1,-1,-1,1075,650,81.76,131,131.16,125.9,104.55,-1,2486.4
20,2013/7/30,995,98.1,-1,-1,1067,638,81.92,130.5,130.99,125.6,103.08,-1,2486.4
21,2013/7/31,995,98.1,208.44,298.57,1062,624,81.54,130,130.74,125.6,105.03,-1,2486.4
22,2013/8/1,990,98.1,-1,-1,1066,618,82.43,129.75,130.64,124.9,107.89,-1,2500.3
23,2013/8/2,990,98,-1,-1,1065,618,81.98,129.75,130.6,124.6,106.94,-1,2501.7
24,2013/8/3,990,98,-1,-1,-1,-1,-1,-1,-1,-1,-1,-1,-1
25,2013/8/4,990,98.1,-1,-1,-1,-1,-1,-1,-1,-1,-1,-1,-1
26,2013/8/5,990,98.1,-1,-1,1058,618,81.94,130.25,130.78,124.6,106.56,-1,2502.5
27,2013/8/6,995,98.1,-1,-1,1046,618,81.66,131.5,131.03,125.2,105.3,-1,2506.8
28,2013/8/7,1000,98.1,-1,-1,1024,621,81.32,133.5,131.26,125.8,104.37,-1,2510.9
29,2013/8/8,1010,98.1,-1,-1,1012,629,81.03,-1,131.54,127.1,103.4,-1,2511.6
30,2013/8/9,1010,98.3,-1,-1,1001,632,81.17,-1,131.81,127.5,105.97,-1,2511.6
31,2013/8/10,1011.7,98.4,214.37,287.66,-1,-1,-1,-1,-1,-1,-1,-1,-1
32,2013/8/11,1013.3,98.6,-1,-1,-1,-1,-1,-1,-1,-1,-1,-1,-1
33,2013/8/12,1015,98.7,-1,-1,996,631,81.37,140,132.1,128.1,106.11,-1,2518.1
34,2013/8/13,1035,99,-1,-1,1007,631,81.81,142,132.64,129.4,106.83,-1,2528
35,2013/8/14,1055,99.1,-1,-1,1060,642,81.76,142.5,133.14,132.4,106.85,-1,2530.7
36,2013/8/15,1070,99.3,-1,-1,1091,645,81.21,140.5,133.41,133.3,106.56,-1,2537.3
37,2013/8/16,1065,99.5,-1,-1,1102,644,81.29,138,133.59,132.8,107.29,169.3,2537.3
38,2013/8/17,1061.7,99.5,-1,-1,-1,-1,-1,-1,-1,-1,-1,-1,-1
39,2013/8/18,1058.3,99.6,-1,-1,-1,-1,-1,-1,-1,-1,-1,-1,-1
40,2013/8/19,1055,99.6,-1,-1,1115,647,81.26,137,133.55,131.6,106.86,-1,2538.6
41,2013/8/20,1055,99.7,211.81,298.99,1145,653,80.93,136.5,133.51,131.6,105.11,-1,2544.4
42,2013/8/21,1055,99.7,-1,-1,1156,663,81.22,136.5,133.48,131.6,103.85,-1,2586.6
43,2013/8/22,1050,99.6,-1,-1,1158,663,81.53,137.5,133.27,130.6,105.03,-1,2590.7
44,2013/8/23,1045,99.6,-1,-1,1165,658,81.39,138.5,133.14,130.3,106.42,-1,2590.4
45,2013/8/24,1045,99.6,-1,-1,-1,-1,-1,-1,-1,-1,-1,-1,-1
46,2013/8/25,1045,99.6,-1,-1,-1,-1,-1,-1,-1,-1,-1,-1,-1
47,2013/8/26,1045,99.6,-1,-1,-1,-1,81.44,139.5,133.15,130.3,105.92,-1,2588.7
48,2013/8/27,1050,99.6,-1,-1,1169,645,81.2,141,133.08,130.6,109.01,-1,2588.7
49,2013/8/28,1050,99.5,-1,-1,1146,642,81.47,140,133.07,130.6,110.1,-1,2600.8
50,2013/8/29,1055,99.5,-1,-1,1136,630,82,139,132.9,131,108.8,-1,2599.3
51,2013/8/30,1055,99.4,-1,-1,1132,622,82.14,139,132.8,131,107.65,-1,2599.3
52,2013/8/31,1053.3,99.3,211.92,303.59,-1,-1,-1,-1,-1,-1,-1,-1,-1
53,2013/9/1,1051.7,99.3,-1,-1,-1,-1,-1,-1,-1,-1,-1,-1,-1
54,2013/9/2,1050,99.2,-1,-1,1139,618,82.14,139,132.89,130.7,107.65,-1,2592.5
55,2013/9/3,1060,99.3,-1,-1,1168,608,82.4,138.5,132.98,132,108.54,-1,2592
56,2013/9/4,1060,99.2,-1,-1,1215,604,82.2,138,132.91,132,107.23,-1,2596
57,2013/9/5,1060,99.2,-1,-1,1279,598,82.67,137,132.81,132,108.37,-1,2590.9
58,2013/9/6,1055,99.2,-1,-1,1352,593,82.17,136,132.59,131.1,110.53,-1,2589
59,2013/9/7,1055,99.2,-1,-1,-1,-1,-1,-1,-1,-1,-1,-1,-1
60,2013/9/8,1055,99.2,-1,-1,-1,-1,-1,-1,-1,-1,-1,-1,-1
61,2013/9/9,1055,99.2,-1,-1,1478,587,81.8,135.75,132.4,131.1,109.52,-1,2578.9
62,2013/9/10,1055,99.1,212.94,290.61,1541,583,81.82,135.25,132.34,131.1,107.39,-1,2577.7
63,2013/9/11,1055,99,-1,-1,1628,583,81.52,135,132.18,131.1,106.64,-1,2573.4
64,2013/9/12,1055,99,-1,-1,1621,585,81.49,135.75,131.98,131.1,107.75,-1,2571.6
65,2013/9/13,1050,98.9,-1,-1,1636,583,81.45,134.5,131.58,130.7,107.54,-1,2568.6
66,2013/9/14,1050,98.9,-1,-1,-1,-1,-1,-1,-1,-1,-1,-1,-1
67,2013/9/15,1050,98.9,-1,-1,-1,-1,-1,-1,-1,-1,-1,-1,-1
68,2013/9/16,1050,98.9,-1,-1,1651,582,81.07,133,131.18,130.3,106.19,-1,2566.5
69,2013/9/17,1050,98.7,-1,-1,1740,582,81.3,130.5,130.95,130,104.82,-1,2565.1
70,2013/9/18,1045,98.7,-1,-1,1822,580,80.37,130.25,130.75,129.3,107.28,-1,2557
71,2013/9/19,1045,98.6,-1,-1,1860,580,80.48,131,-1,-1,105.86,-1,-1
72,2013/9/20,1045,98.6,214.35,295.3,1904,589,80.55,131.5,-1,-1,104.75,168.9,-1
73,2013/9/21,1045,98.6,-1,-1,-1,-1,-1,-1,-1,-1,-1,-1,-1
74,2013/9/22,1045,98.5,-1,-1,-1,-1,-1,-1,130.52,129.3,-1,-1,2552.3
75,2013/9/23,1045,98.4,-1,-1,1947,585,80.57,131.5,130.3,129.3,103.59,-1,2551.5
76,2013/9/24,1045,98.3,-1,-1,2021,586,80.69,132.5,130.18,129.3,103.13,-1,2550.6
77,2013/9/25,1045,98.2,-1,-1,2127,588,80.44,132,129.93,129.3,102.66,-1,2544.3
78,2013/9/26,1040,98,-1,-1,2113,587,80.64,132,129.76,128.9,103.03,-1,2542.9
79,2013/9/27,1030,97.9,-1,-1,2046,586,80.38,131.5,129.53,128,102.87,-1,2540.4
80,2013/9/28,1030,97.9,-1,-1,-1,-1,-1,-1,-1,-1,-1,-1,-1
81,2013/9/29,1030,97.9,-1,-1,-1,-1,-1,-1,129.4,127.8,-1,-1,2535.2
82,2013/9/30,1030,97.9,215.2,304.02,2003,584,80.32,131,129.52,127.8,102.33,-1,2533.7
83,2013/10/1,1030,97.9,-1,-1,1994,586,80.25,131,-1,-1,102.04,-1,-1
84,2013/10/2,1030,97.9,-1,-1,2008,587,79.99,131,-1,-1,104.1,-1,-1
85,2013/10/3,1030,97.8,-1,-1,2047,594,79.85,131,-1,-1,103.31,-1,-1
86,2013/10/4,1030,97.8,-1,-1,2084,601,80.22,130.75,-1,-1,103.53,-1,-1
87,2013/10/5,1030,97.8,-1,-1,-1,-1,-1,-1,-1,-1,-1,-1,-1
88,2013/10/6,1030,97.8,-1,-1,-1,-1,-1,-1,-1,-1,-1,-1,-1
89,2013/10/7,1030,97.7,-1,-1,2115,599,80.03,130.75,-1,-1,102.83,-1,-1
90,2013/10/8,1030,97.7,-1,-1,2146,601,80.13,131.5,129.52,127.8,103.31,-1,2528
91,2013/10/9,1025,97.6,-1,-1,2125,595,80.47,132,129.49,127.5,101.43,-1,2526.7
92,2013/10/10,1025,97.6,212.81,291.52,2011,591,80.52,133.5,129.54,127,102.89,-1,2526.7
93,2013/10/11,1030,97.5,-1,-1,1985,587,80.45,134,129.54,127.2,102.06,-1,2526.7
94,2013/10/12,1040,97.5,-1,-1,-1,-1,-1,-1,129.56,127.8,-1,-1,2526.7
95,2013/10/13,1042.5,97.5,-1,-1,-1,-1,-1,-1,-1,-1,-1,-1,-1
96,2013/10/14,1045,97.5,-1,-1,1961,586,80.31,134,129.58,127.8,102.48,-1,2526.7
97,2013/10/15,1055,97.3,-1,-1,1963,589,80.56,-1,129.56,127.8,101.41,-1,2530.1
98,2013/10/16,1055,97.3,-1,-1,1965,607,80.56,134,129.47,127.9,102.49,-1,2530.1
99,2013/10/17,1055,97.2,-1,-1,1960,617,79.72,135,129.3,128.2,100.87,-1,2530.1
100,2013/10/18,1055,97.3,-1,-1,1901,621,79.73,135.5,129.15,128.2,101.11,166.52,2530.1
101,2013/10/19,1055,97.3,-1,-1,-1,-1,-1,-1,-1,-1,-1,-1,-1
102,2013/10/20,1055,97.2,210.68,301.97,-1,-1,-1,-1,-1,-1,-1,-1,-1
103,2013/10/21,1055,97.2,-1,-1,1878,621,79.75,134.75,128.89,127.9,99.68,-1,2529.1
104,2013/10/22,1055,97.1,-1,-1,1847,617,79.29,133.75,128.72,127.5,98.3,-1,2525.9
105,2013/10/23,1055,97.1,-1,-1,1786,614,79.33,133.25,128.59,127.3,96.86,-1,2524.6
106,2013/10/24,1055,97,-1,-1,1708,596,79.25,132.5,128.37,127.3,97.11,-1,2524.6
107,2013/10/25,1050,97,-1,-1,1671,600,79.25,131.75,128.27,127,97.85,166.62,2524.6
108,2013/10/26,1050,97,-1,-1,-1,-1,-1,-1,-1,-1,-1,-1,-1
109,2013/10/27,1050,96.9,-1,-1,-1,-1,-1,-1,-1,-1,-1,-1,-1
110,2013/10/28,1050,96.9,-1,-1,1619,599,79.31,130.75,128.13,126.9,98.68,-1,2524.6
111,2013/10/29,1050,96.9,-1,-1,1551,596,79.67,129.75,128.05,126.4,98.2,-1,2523.7
112,2013/10/30,1050,96.8,-1,-1,1484,591,79.84,130.75,128.11,125.7,96.77,-1,2523.7
113,2013/10/31,1050,96.8,209.84,307.03,1504,595,80.26,132.25,128.24,125.7,96.38,-1,2523.7
114,2013/11/1,1050,96.7,-1,-1,1525,604,80.81,135,128.34,125.9,94.61,-1,2513.5
115,2013/11/2,1053.3,96.7,-1,-1,-1,-1,-1,-1,-1,-1,-1,166.71,-1
116,2013/11/3,1056.7,96.7,-1,-1,-1,-1,-1,-1,-1,-1,-1,-1,-1
117,2013/11/4,1060,96.7,-1,-1,1552,608,80.64,135,128.7,126.2,94.62,-1,2511.2
118,2013/11/5,1070,96.9,-1,-1,1600,615,80.79,135.75,129.08,127.5,93.37,-1,2511.2
119,2013/11/6,1070,96.9,-1,-1,1602,623,80.56,136.75,129.36,127.5,94.8,-1,2510.7
120,2013/11/7,1075,96.9,-1,-1,1593,631,80.85,136.75,129.48,127.9,94.2,-1,2510.7
121,2013/11/8,1075,96.9,-1,-1,1581,635,81.39,135.5,129.6,128.2,94.6,167.62,2510.7
122,2013/11/9,1075,96.8,-1,-1,-1,-1,-1,-1,-1,-1,-1,-1,-1
123,2013/11/10,1075,96.8,214.42,298.61,-1,-1,-1,-1,-1,-1,-1,-1,-1
124,2013/11/11,1075,96.7,-1,-1,1564,635,81.2,135.75,129.47,127.8,95.14,-1,2510.7
125,2013/11/12,1072.5,96.8,-1,-1,1543,639,81.25,135.75,129.44,127.5,93.52,-1,2506.5
126,2013/11/13,1070,96.8,-1,-1,1531,643,80.98,136.25,129.45,127.5,94.49,-1,2506.5
127,2013/11/14,1070,96.7,-1,-1,1517,647,81.09,135.75,129.33,127.5,94.41,-1,2507
128,2013/11/15,1070,96.7,-1,-1,1507,642,80.9,136.75,129.19,127.5,94.49,168.06,2505.4
129,2013/11/16,1070,96.7,-1,-1,-1,-1,-1,-1,-1,-1,-1,-1,-1
130,2013/11/17,1070,96.7,-1,-1,-1,-1,-1,-1,-1,-1,-1,-1,-1
131,2013/11/18,1070,96.7,-1,-1,1500,647,80.83,136.75,129.02,127.5,93.68,-1,2504.3
132,2013/11/19,1065,96.7,-1,-1,1495,650,80.74,135.5,128.87,126.9,93.89,-1,2502.9
133,2013/11/20,1063.3,96.6,213.19,301.07,1527,655,81.17,135.5,128.86,126.2,93.85,-1,2502.9
134,2013/11/21,1061.7,96.6,-1,-1,1499,652,81.12,135.5,128.89,126.2,95.44,-1,2500.3
135,2013/11/22,1060,96.5,-1,-1,1483,652,80.74,135.75,128.87,126.2,94.84,168.4,2500.3
136,2013/11/23,1060,96.5,-1,-1,-1,-1,-1,-1,-1,-1,-1,-1,-1
137,2013/11/24,1060,96.5,-1,-1,-1,-1,-1,-1,-1,-1,-1,-1,-1
138,2013/11/25,1060,96.5,-1,-1,1492,652,80.96,135.5,128.8,126.2,94.09,-1,2500.3
139,2013/11/26,1060,96.4,-1,-1,1512,653,80.64,136,128.74,126.2,93.68,-1,2500.3
140,2013/11/27,1065,96.4,-1,-1,1573,666,80.75,136,128.8,126.2,92.3,-1,2500.3
141,2013/11/28,1065,96.3,-1,-1,1719,673,80.75,136,128.79,126.2,-1,-1,2500.3
142,2013/11/29,1070,96.3,-1,-1,1821,674,80.66,136,128.73,126.2,92.72,168.34,2500.8
143,2013/11/30,1070,96.3,209.05,301.36,-1,-1,-1,-1,-1,-1,-1,-1,-1
144,2013/12/1,1070,96.4,-1,-1,-1,-1,-1,-1,-1,-1,-1,-1,-1
145,2013/12/2,1070,96.4,-1,-1,1865,680,80.94,136.5,128.85,126.2,93.82,-1,2499.7
146,2013/12/3,1070,96.4,-1,-1,1922,694,80.62,138,128.98,126.2,96.04,-1,2499.7
147,2013/12/4,1070,96.4,-1,-1,1994,699,80.63,140,129.09,126.2,97.2,-1,2499.7
148,2013/12/5,1070,96.4,-1,-1,2145,709,80.24,140,129.15,126.2,97.38,-1,2499.7
149,2013/12/6,1075,96.4,-1,-1,2176,740,80.31,139,129.15,126.4,97.65,168.61,2499.7
150,2013/12/7,1075,96.4,-1,-1,-1,-1,-1,-1,-1,-1,-1,-1,-1
151,2013/12/8,1075,96.4,-1,-1,-1,-1,-1,-1,-1,-1,-1,-1,-1
152,2013/12/9,1075,96.4,-1,-1,2183,759,80.14,138.75,129.13,126.4,97.34,-1,2501.9
153,2013/12/10,1075,96.4,201.29,297.96,2237,780,79.96,139.25,129.13,126.4,98.51,-1,2501.9
154,2013/12/11,1075,96.5,-1,-1,2299,795,79.89,138.25,129.12,126.4,97.72,-1,2501.9
155,2013/12/12,1075,96.6,-1,-1,2337,804,80.21,137.25,129.2,126.3,97.82,-1,2501.9
156,2013/12/13,1075,96.7,-1,-1,2330,823,80.22,135.25,129.3,126.3,96.93,168.65,2501.9
157,2013/12/14,1075,96.7,-1,-1,-1,-1,-1,-1,-1,-1,-1,-1,-1
158,2013/12/15,1075,96.8,-1,-1,-1,-1,-1,-1,-1,-1,-1,-1,-1
159,2013/12/16,1075,96.8,-1,-1,2292,829,80.05,134.75,129.28,126.3,97.77,-1,2501.9
160,2013/12/17,1070,96.8,-1,-1,2225,853,80.21,133.25,129.23,126,97.47,-1,2501.9
161,2013/12/18,1070,96.9,-1,-1,2156,870,80.25,133.25,129.14,126,98.06,-1,2501.9
162,2013/12/19,1065,96.9,-1,-1,2134,897,80.79,133,129.05,125.3,99.04,-1,2501.9
163,2013/12/20,1060,96.9,201.43,296.75,2208,932,80.75,132.75,128.93,124.7,99.32,168.77,2501.9
164,2013/12/21,1060,96.9,-1,-1,-1,-1,-1,-1,-1,-1,-1,-1,-1
165,2013/12/22,1060,97,-1,-1,-1,-1,-1,-1,-1,-1,-1,-1,-1
166,2013/12/23,1060,97,-1,-1,2247,988,80.62,131.25,128.66,124.7,98.91,-1,2501.3
167,2013/12/24,1055,97,-1,-1,2277,997,80.67,132,128.5,124.1,99.22,-1,2501.3
168,2013/12/25,1055,97,-1,-1,-1,-1,-1,-1,128.4,123.7,99.22,-1,2501.3
169,2013/12/26,1055,97,-1,-1,-1,-1,80.65,132.25,128.26,123.7,99.55,-1,2492.4
170,2013/12/27,1055,97,-1,-1,-1,-1,80.54,133.25,128.13,123.9,100.32,168.53,2491
171,2013/12/28,1055,97,-1,-1,-1,-1,-1,-1,-1,-1,-1,-1,-1
172,2013/12/29,1055,97,-1,-1,-1,-1,-1,-1,-1,-1,-1,-1,-1
173,2013/12/30,1055,97,-1,-1,-1,-1,80.12,134.75,127.99,123.9,99.29,-1,2491
174,2013/12/31,1065,97,196.06,303.71,-1,-1,80.19,134.75,127.97,124.1,98.42,-1,2483.2
175,2014/1/1,1067.5,97,-1,-1,-1,-1,80.29,-1,-1,-1,-1,-1,-1
176,2014/1/2,1070,97,-1,-1,2113,1021,80.79,134.5,127.95,124.6,95.44,-1,2480.9
177,2014/1/3,1075,97,-1,-1,2036,1026,80.95,134,127.82,124.9,93.96,168.33,2481.7
178,2014/1/4,1076.7,97,-1,-1,-1,-1,-1,-1,-1,-1,-1,-1,-1
179,2014/1/5,1078.3,96.9,-1,-1,-1,-1,-1,-1,-1,-1,-1,-1,-1
180,2014/1/6,1080,96.9,-1,-1,1951,1006,80.81,133.75,127.6,125.2,93.43,-1,2474.4
181,2014/1/7,1080,96.9,-1,-1,1876,1014,80.98,132.5,127.29,124.9,93.67,-1,2471.2
182,2014/1/8,1075,96.9,-1,-1,1826,1026,81.16,132,127.08,124.9,92.33,-1,2471.2
183,2014/1/9,1072.5,96.9,-1,-1,1706,1041,81.14,131.25,126.92,124.4,91.89,-1,2477.8
184,2014/1/10,1070,96.8,199.68,293.61,1512,1051,80.75,131.25,126.81,124.4,92.95,168.17,2478
185,2014/1/11,1070,96.8,-1,-1,-1,-1,-1,-1,-1,-1,-1,-1,-1
186,2014/1/12,1070,96.8,-1,-1,-1,-1,-1,-1,-1,-1,-1,-1,-1
187,2014/1/13,1070,96.8,-1,-1,1395,1053,80.61,131,126.65,124.4,92.01,-1,2463.8
188,2014/1/14,1060,96.8,-1,-1,1370,1090,80.76,130.75,126.5,123.9,92.78,-1,2461.4
189,2014/1/15,1056.7,96.8,-1,-1,1374,1142,81.14,129.25,126.42,123,94.35,-1,2461.4
190,2014/1/16,1053.3,96.7,-1,-1,1398,1222,81.02,128.25,126.36,123,94.1,-1,2460.8
191,2014/1/17,1050,96.7,-1,-1,1421,1273,81.36,127.75,126.28,122.8,94.59,168.25,2460.8
192,2014/1/18,1048.3,96.7,-1,-1,-1,-1,-1,-1,-1,-1,-1,-1,-1
193,2014/1/19,1046.7,96.7,-1,-1,-1,-1,-1,-1,-1,-1,-1,-1,-1
194,2014/1/20,1045,96.7,200.66,293.36,1428,1344,81.36,126.25,126.16,122.2,94.59,-1,2449.4
195,2014/1/21,1040,96.6,-1,-1,1369,1340,81.23,123,126.02,121.2,94.97,-1,2447.8
196,2014/1/22,1040,96.6,-1,-1,1322,1323,81.31,122.75,125.94,120.4,96.73,-1,2447.8
197,2014/1/23,1035,96.7,-1,-1,1271,1243,80.53,124.5,125.87,119.6,97.32,-1,2447
198,2014/1/24,1035,96.7,-1,-1,1246,1186,80.54,124.75,125.85,119.6,96.64,168.27,2445.1
199,2014/1/25,1037.5,96.6,-1,-1,-1,-1,-1,-1,-1,-1,-1,-1,-1
200,2014/1/26,1040,96.6,-1,-1,-1,-1,-1,-1,125.82,119.7,-1,-1,2445.1
201,2014/1/27,1040,96.6,-1,-1,1217,1132,80.61,124.25,125.81,119.7,95.72,-1,2445.1
202,2014/1/28,1035,96.6,-1,-1,1177,1099,80.66,123.5,125.8,119.6,97.41,-1,2445.1
203,2014/1/29,1030,96.6,-1,-1,1148,1065,80.58,123,125.8,118.9,97.36,-1,2445.1
204,2014/1/30,1030,96.6,-1,-1,1127,1037,81.19,123,-1,118.9,98.23,-1,-1
205,2014/1/31,1030,96.6,196.4,292.47,1110,1005,81.4,123,-1,-1,97.49,168.31,-1
206,2014/2/1,1030,96.6,-1,-1,-1,-1,-1,-1,-1,-1,-1,-1,-1
207,2014/2/2,1030,96.6,-1,-1,-1,-1,-1,-1,-1,-1,-1,-1,-1
208,2014/2/3,1030,96.6,-1,-1,1093,958,81.11,123,-1,-1,96.43,-1,-1
209,2014/2/4,1030,96.7,-1,-1,1084,926,81.22,123,-1,-1,97.19,-1,-1
210,2014/2/5,1030,96.7,-1,-1,1086,890,81.13,122.25,-1,-1,97.38,-1,-1
211,2014/2/6,1030,96.7,-1,-1,1092,866,81,121.25,-1,-1,97.84,-1,-1
212,2014/2/7,1030,96.7,-1,-1,1091,853,80.76,120.25,125.82,118.9,99.88,167.59,2444.7
213,2014/2/8,1030,96.7,-1,-1,-1,-1,-1,-1,125.78,118.9,-1,-1,2444.5
214,2014/2/9,1028.3,96.7,-1,-1,-1,-1,-1,-1,-1,-1,-1,-1,-1
215,2014/2/10,1026.7,96.7,206.61,289.85,1096,852,80.73,120,125.6,118.1,100.06,-1,2444.5
216,2014/2/11,1025,96.7,-1,-1,1091,846,80.7,119.5,125.38,117.4,99.94,-1,2444.5
217,2014/2/12,1015,96.8,-1,-1,1085,829,80.74,121,125.19,116.2,99.92,-1,2444.5
218,2014/2/13,1015,96.8,-1,-1,1097,818,80.38,123,124.95,116.2,100.05,-1,2442.8
219,2014/2/14,1015,96.8,-1,-1,1106,811,80.18,123.5,124.82,116.3,100.13,166.46,2440.4
220,2014/2/15,1015,96.8,-1,-1,-1,-1,-1,-1,-1,-1,-1,-1,-1
221,2014/2/16,1015,96.8,-1,-1,-1,-1,-1,-1,-1,-1,-1,-1,-1
222,2014/2/17,1015,96.8,-1,-1,1130,802,80.18,124.5,124.65,116.3,100.13,-1,2431.8
223,2014/2/18,1015,96.7,-1,-1,1146,783,80.05,124.5,124.8,116.4,102.1,-1,2429.9
224,2014/2/19,1015,96.7,-1,-1,1160,772,80.19,124.25,124.8,116.4,102.84,-1,2429.2
225,2014/2/20,1015,96.6,196.64,292.01,1164,770,80.32,122.25,124.75,116.4,102.75,-1,2429.2
226,2014/2/21,1010,96.6,-1,-1,1175,761,80.27,122,124.61,115.7,102.2,165.85,2430.5
227,2014/2/22,1008.3,96.6,-1,-1,-1,-1,-1,-1,-1,-1,-1,-1,-1
228,2014/2/23,1006.7,96.6,-1,-1,-1,-1,-1,-1,-1,-1,-1,-1,-1
229,2014/2/24,1005,96.6,-1,-1,1174,753,80.22,119,124.36,115.4,102.82,-1,2430.5
230,2014/2/25,1000,96.6,-1,-1,1197,750,80.17,117.75,124.15,114.5,101.83,-1,2429
231,2014/2/26,985,96.6,-1,-1,1222,741,80.46,117.5,123.9,113,102.59,-1,2429
232,2014/2/27,980,96.5,-1,-1,1250,737,80.31,118.25,123.75,111.8,102.4,-1,2429
233,2014/2/28,980,96.4,208.17,308.99,1258,726,79.72,118,123.67,111.2,102.59,164.94,2429
234,2014/3/1,980,96.3,-1,-1,-1,-1,-1,-1,-1,-1,-1,-1,-1
235,2014/3/2,980,96.3,-1,-1,-1,-1,-1,-1,-1,-1,-1,-1,-1
236,2014/3/3,980,96.2,-1,-1,1276,717,80.09,118,123.63,111.2,104.92,-1,2426.8
237,2014/3/4,975,96.2,-1,-1,1325,711,80.18,117,123.55,110.7,103.33,-1,2417.6
238,2014/3/5,970,96.2,-1,-1,1391,702,80.12,116,123.45,110.1,101.45,-1,2417.6
239,2014/3/6,960,96.1,-1,-1,1480,695,79.67,115,123.36,109,101.56,-1,2413.1
240,2014/3/7,955,96.1,-1,-1,1543,689,79.72,112,123.25,108.3,102.58,164.45,2411.9
241,2014/3/8,951.7,96.1,-1,-1,-1,-1,-1,-1,-1,-1,-1,-1,-1
242,2014/3/9,948.3,96.1,-1,-1,-1,-1,-1,-1,-1,-1,-1,-1,-1
243,2014/3/10,945,96.1,209.68,268.13,1562,692,79.77,105,122.84,107.3,101.12,-1,2382.6
244,2014/3/11,915,96,-1,-1,1580,681,79.73,105.5,122.5,103.6,100.03,-1,2378.2
245,2014/3/12,890,96,-1,-1,1453,678,79.61,108.75,122.26,101.6,97.68,-1,2365.8
246,2014/3/13,880,96,-1,-1,1468,676,79.63,111.5,122.27,101.6,97.94,-1,2361.1
247,2014/3/14,885,95.9,-1,-1,1477,679,79.44,110.25,122.33,102.2,98.56,163.74,2359.2
248,2014/3/15,886.7,95.9,-1,-1,-1,-1,-1,-1,-1,-1,-1,-1,-1
249,2014/3/16,888.3,95.8,-1,-1,-1,-1,-1,-1,-1,-1,-1,-1,-1
250,2014/3/17,890,95.8,-1,-1,1481,682,79.31,110.25,122.38,102.6,97.62,-1,2355.4
251,2014/3/18,890,95.8,-1,-1,1518,695,79.54,110.75,122.43,102.6,98.88,-1,2352.7
252,2014/3/19,890,95.7,-1,-1,1570,699,80.13,109.75,122.35,102.6,99.17,-1,2352.2
253,2014/3/20,880,95.7,209.6,273.44,1621,711,80.35,110.5,122.28,102.2,98.9,-1,2352.2
254,2014/3/21,870,95.7,-1,-1,1599,712,80.26,110.75,122.22,102,99.46,164.02,2342.4
255,2014/3/22,870,95.7,-1,-1,-1,-1,-1,-1,-1,-1,-1,-1,-1
256,2014/3/23,870,95.7,-1,-1,-1,-1,-1,-1,-1,-1,-1,-1,-1
257,2014/3/24,870,95.5,-1,-1,1602,712,80.08,110.25,122.19,102,99.6,-1,2342.4
258,2014/3/25,875,95.5,-1,-1,1578,711,80.09,111.75,122.15,102.2,99.19,-1,2342.4
259,2014/3/26,885,95.4,-1,-1,1496,711,80.17,111.75,122.24,102.7,100.26,-1,2342.4
260,2014/3/27,890,95.4,-1,-1,1412,709,80.25,112.25,122.58,103,101.28,-1,2342.4
261,2014/3/28,890,95.4,-1,-1,1373,705,80.33,113.25,122.61,103,101.67,164.75,2342
262,2014/3/29,890,95.4,-1,-1,-1,-1,-1,-1,-1,-1,-1,-1,-1
263,2014/3/30,890,95.4,-1,-1,-1,-1,-1,-1,-1,-1,-1,-1,-1
264,2014/3/31,890,95.3,207.33,277.62,1362,700,80.25,117.25,122.81,103,101.58,-1,2339.6
265,2014/4/1,905,95.3,-1,-1,1316,694,80.25,116.75,122.96,104.9,99.74,-1,2326.6
266,2014/4/2,915,95.3,-1,-1,1273,691,80.37,115.5,123.19,105.8,99.62,-1,2326.1
267,2014/4/3,905,95.4,-1,-1,1235,688,80.64,115,123.27,105.5,100.29,-1,2326.1
268,2014/4/4,895,95.4,-1,-1,1205,696,80.57,116,123.44,105.1,101.14,165.41,2325.5
269,2014/4/5,897.5,95.4,-1,-1,-1,-1,-1,-1,-1,-1,-1,-1,-1
270,2014/4/6,900,95.4,-1,-1,-1,-1,-1,-1,-1,-1,-1,-1,-1
271,2014/4/7,902.5,95.4,-1,-1,1186,696,80.36,116.5,-1,-1,100.44,-1,-1
272,2014/4/8,905,95.5,-1,-1,1098,691,79.83,118.25,124.49,106.5,102.56,-1,2326.7
273,2014/4/9,925,95.6,-1,-1,1061,693,79.55,119,125.33,108.7,102.65,-1,2327.1
274,2014/4/10,930,95.8,215.15,274.69,1029,692,79.45,118,125.68,109.8,102.38,-1,2327.1
275,2014/4/11,930,96,-1,-1,1002,693,79.52,116.25,125.74,109.8,102.62,167.15,2327.1
276,2014/4/12,930,96,-1,-1,-1,-1,-1,-1,-1,-1,-1,-1,-1
277,2014/4/13,930,96,-1,-1,-1,-1,-1,-1,-1,-1,-1,-1,-1
278,2014/4/14,930,96.3,-1,-1,989,-1,79.81,116.25,125.86,109.8,103.21,-1,2344.3
279,2014/4/15,925,96.5,-1,-1,970,693,79.89,115.75,125.87,108.9,103,-1,2347.5
280,2014/4/16,920,96.5,-1,-1,936,686,79.88,114.75,125.83,108.4,103.03,-1,2348.9
281,2014/4/17,910,96.5,-1,-1,930,677,79.9,116.25,125.68,107.3,103.37,-1,2348.9
282,2014/4/18,900,96.5,-1,-1,-1,-1,-1,-1,125.45,106.7,103.37,167,2350.1
283,2014/4/19,896.7,96.5,-1,-1,-1,-1,-1,-1,-1,-1,-1,-1,-1
284,2014/4/20,893.3,96.5,228.02,311.63,-1,-1,-1,-1,-1,-1,-1,-1,-1
285,2014/4/21,890,96.6,-1,-1,-1,-1,80.03,113.75,125.09,105.9,103.65,-1,2348.6
286,2014/4/22,885,96.7,-1,-1,939,673,80,112,124.79,105.5,101.75,-1,2348.1
287,2014/4/23,875,96.9,-1,-1,956,666,79.94,113.25,124.6,104.2,101.44,-1,2348.1
288,2014/4/24,875,96.9,-1,-1,962,-1,79.88,113.5,124.56,103.4,101.94,-1,2346.9
289,2014/4/25,875,96.8,-1,-1,967,666,79.82,111,124.54,103.4,100.6,166.72,2345
290,2014/4/26,875,96.8,-1,-1,-1,-1,-1,-1,-1,-1,-1,-1,-1
291,2014/4/27,875,96.8,-1,-1,-1,-1,-1,-1,-1,-1,-1,-1,-1
292,2014/4/28,875,97,-1,-1,961,655,79.76,108.25,124.53,103.4,100.84,-1,2345
293,2014/4/29,865,97,-1,-1,949,651,79.88,107.5,124.46,102.2,101.28,-1,2345
294,2014/4/30,850,97,-1,-1,943,648,79.53,105.5,124.47,101.3,99.74,-1,2345
295,2014/5/1,848.8,97,-1,-1,993,644,79.58,-1,-1,-1,99.42,-1,-1
296,2014/5/2,847.5,97,-1,-1,1017,647,79.56,105.25,-1,-1,99.76,166.64,-1
297,2014/5/3,846.2,97,-1,-1,-1,-1,-1,-1,-1,-1,-1,-1,-1
298,2014/5/4,845,97,-1,-1,-1,-1,-1,-1,124.38,100.9,-1,-1,2345.7
299,2014/5/5,845,97.3,-1,-1,-1,-1,79.53,106,124.29,100.9,99.48,-1,2344.9
300,2014/5/6,845,97.3,-1,-1,1022,648,79.13,106,124.21,100.9,99.5,-1,2344.3
301,2014/5/7,840,97.5,-1,-1,1022,655,79.24,105,124.07,100.6,100.77,-1,2344.3
302,2014/5/8,835,97.5,-1,-1,1008,665,79.4,103,123.92,100.2,100.26,-1,2344.3
303,2014/5/9,830,98.2,-1,-1,997,664,79.96,102.75,123.73,99.5,99.99,166.34,2338.2
304,2014/5/10,830,98.2,-1,-1,-1,-1,-1,-1,-1,-1,-1,-1,-1
305,2014/5/11,830,98.2,-1,-1,-1,-1,-1,-1,-1,-1,-1,-1,-1
306,2014/5/12,830,99.3,-1,-1,987,661,79.97,103.25,123.44,99.3,99.94,-1,2336.6
307,2014/5/13,820,100.4,-1,-1,982,658,80.21,-1,123.34,98.5,101.05,-1,2336.6
308,2014/5/14,820,100.1,-1,-1,1002,657,80.14,104,123.17,98.4,101.74,-1,2335.4
309,2014/5/15,810,99.2,-1,-1,1021,656,80.06,103.25,123.03,98.4,101.13,-1,2335.4
310,2014/5/16,810,98.8,-1,-1,1027,652,80.11,99.75,122.89,98.2,101.58,165.9,2332.3
311,2014/5/17,808.3,98.8,-1,-1,-1,-1,-1,-1,-1,-1,-1,-1,-1
312,2014/5/18,806.7,98.8,-1,-1,-1,-1,-1,-1,-1,-1,-1,-1,-1
313,2014/5/19,805,98.6,-1,-1,1022,649,80.05,98.75,122.57,97.9,102.11,-1,2324.1
314,2014/5/20,795,98.6,-1,-1,1010,651,80.09,98,122.35,96.3,102.33,-1,2313.7
315,2014/5/21,790,98.4,-1,-1,988,669,80.15,99,122.19,95.8,104.07,-1,2305.6
316,2014/5/22,780,98,-1,-1,966,684,80.31,100.75,122.14,95.3,103.74,-1,2305.6
317,2014/5/23,780,97.8,-1,-1,964,691,80.45,98.75,122.06,95.3,104.35,165.11,2305.6
318,2014/5/24,776.7,97.8,-1,-1,-1,-1,-1,-1,-1,-1,-1,-1,-1
319,2014/5/25,773.3,97.8,-1,-1,-1,-1,-1,-1,-1,-1,-1,-1,-1
320,2014/5/26,770,97.6,-1,-1,-1,-1,80.45,99.5,122.08,95.3,104.35,-1,2302.5
321,2014/5/27,765,97.5,-1,-1,973,682,80.41,98.75,122.16,95.1,104.11,-1,2302.5
322,2014/5/28,760,97.3,-1,-1,954,674,80.62,97.25,122.2,94.9,102.72,-1,2302.5
323,2014/5/29,755,97.1,-1,-1,940,667,80.54,95.5,122.19,94.3,103.58,-1,2302.5
324,2014/5/30,750,96.9,-1,-1,934,657,80.4,91.5,122.19,94.1,102.71,164.66,2301
325,2014/5/31,747.5,96.9,-1,-1,-1,-1,-1,-1,-1,-1,-1,-1,-1
326,2014/6/1,745,96.9,-1,-1,-1,-1,-1,-1,-1,-1,-1,-1,-1
327,2014/6/2,742.5,96.9,-1,-1,934,651,80.69,91.75,-1,-1,102.47,-1,-1
328,2014/6/3,740,96.9,-1,-1,948,641,80.59,92.5,122.01,92.9,102.66,-1,2291.3
329,2014/6/4,735,96.5,-1,-1,959,635,80.71,95,121.89,92.1,102.64,-1,2289.3
330,2014/6/5,730,96.5,-1,-1,977,630,80.4,94.25,121.76,91.4,102.48,-1,2288.7
331,2014/6/6,730,96.4,-1,-1,989,635,80.43,94.75,121.68,91.4,102.66,163.96,2287.8
332,2014/6/7,730,96.4,-1,-1,-1,-1,-1,-1,-1,-1,-1,-1,-1
333,2014/6/8,730,96.4,-1,-1,-1,-1,-1,-1,-1,-1,-1,-1,-1
334,2014/6/9,730,96.2,-1,-1,999,636,80.68,93.75,121.58,91.4,104.41,-1,2287.8
335,2014/6/10,730,96.1,-1,-1,1004,636,80.85,93.25,121.53,91.1,99.43,-1,2286.8
336,2014/6/11,725,96,-1,-1,973,637,80.81,93.25,121.43,90.5,99.71,-1,2286.8
337,2014/6/12,720,95.7,-1,-1,939,635,80.59,90.75,121.3,89.7,105.78,-1,2285.6
338,2014/6/13,710,95.5,-1,-1,906,641,80.66,90.75,121.17,88.7,106.17,163.28,2284.9
339,2014/6/14,706.7,95.5,-1,-1,-1,-1,-1,-1,-1,-1,-1,-1,-1
340,2014/6/15,703.3,95.5,-1,-1,-1,-1,-1,-1,-1,-1,-1,-1,-1
341,2014/6/16,700,95.4,-1,-1,880,641,80.47,89,120.95,86.8,106.3,-1,2284.9
342,2014/6/17,695,95.4,-1,-1,858,650,80.72,89.5,120.76,86.4,105.87,-1,2284
343,2014/6/18,690,95.3,-1,-1,867,672,80.67,91,120.62,85.7,105.59,-1,2281.6
344,2014/6/19,690,95.2,-1,-1,902,712,80.4,91.25,120.5,85.6,106.05,-1,2269.6
345,2014/6/20,690,95.2,-1,-1,904,715,80.44,91.75,120.37,85.6,106.83,162.79,2267.7
346,2014/6/21,690,95.2,-1,-1,-1,-1,-1,-1,-1,-1,-1,-1,-1
347,2014/6/22,690,95.2,-1,-1,-1,-1,-1,-1,-1,-1,-1,-1,-1
348,2014/6/23,690,95,-1,-1,886,717,80.34,93.5,120.29,85.6,106.17,-1,2266.5
349,2014/6/24,695,94.9,-1,-1,867,717,80.39,93.25,120.23,86.9,106.03,-1,2266.5
350,2014/6/25,695,94.8,-1,-1,846,717,80.27,93.75,120.16,87,106.5,-1,2266.5
351,2014/6/26,700,94.7,-1,-1,824,723,80.28,95.75,120.1,87,105.84,-1,2265.3
352,2014/6/27,705,94.7,-1,-1,831,721,80.09,94,120.07,87.6,105.74,162.1,2265.3
353,2014/6/28,705,94.7,-1,-1,-1,-1,-1,-1,-1,-1,-1,-1,-1
354,2014/6/29,705,94.7,-1,-1,-1,-1,-1,-1,-1,-1,-1,-1,-1
355,2014/6/30,705,94.5,-1,-1,850,724,79.81,93.25,120.07,87.6,105.37,-1,2265.3
356,2014/7/1,705,94.5,-1,-1,894,728,79.84,94,120.09,87.4,105.34,-1,2260.4
357,2014/7/2,705,94.5,-1,-1,890,-1,79.98,95.75,120,87.2,104.48,-1,2259.7
358,2014/7/3,710,94.4,-1,-1,890,750,80.28,96.5,119.95,88.1,104.06,-1,2259.7
359,2014/7/4,730,94.3,-1,-1,893,741,80.28,96,119.94,89.4,104.06,162.1,2259.1
360,2014/7/5,731.7,94.3,-1,-1,-1,-1,-1,-1,-1,-1,-1,-1,-1
361,2014/7/6,733.3,94.3,-1,-1,-1,-1,-1,-1,-1,-1,-1,-1,-1
362,2014/7/7,735,93.3,-1,-1,888,736,80.27,95.25,119.91,89.6,103.53,-1,2258.4
363,2014/7/8,735,93.3,-1,-1,881,739,80.22,96,119.86,90,103.4,-1,2258.9
364,2014/7/9,735,93.2,-1,-1,863,752,80.04,96,119.84,90,101.75,-1,2258.9
365,2014/7/10,735,92.9,-1,-1,836,774,80.17,96.25,119.82,90,102.4,-1,2258.9
366,2014/7/11,735,92.8,-1,-1,814,786,80.23,97,119.82,90,100.3,162.11,2256
367,2014/7/12,735,92.8,-1,-1,-1,-1,-1,-1,-1,-1,-1,-1,-1
368,2014/7/13,735,92.8,-1,-1,-1,-1,-1,-1,-1,-1,-1,-1,-1
369,2014/7/14,735,92.9,-1,-1,798,796,80.23,97.75,119.88,90,100.48,-1,2256
370,2014/7/15,735,93,-1,-1,782,820,80.45,98,119.92,90.8,99.53,-1,2256
371,2014/7/16,735,93,-1,-1,755,884,80.62,98.25,119.94,91.1,100.6,-1,2256
372,2014/7/17,745,92.9,-1,-1,738,896,80.57,96.25,119.92,91.3,102.2,-1,2256
373,2014/7/18,745,92.9,-1,-1,732,906,80.59,95.75,119.92,91.3,101.95,162.21,2256
374,2014/7/19,743.3,92.9,-1,-1,-1,-1,-1,-1,-1,-1,-1,-1,-1
375,2014/7/20,741.7,92.9,-1,-1,-1,-1,-1,-1,-1,-1,-1,-1,-1
376,2014/7/21,740,92.7,-1,-1,724,918,80.63,95,119.76,90.3,102.86,-1,2255.4
377,2014/7/22,735,92.7,-1,-1,723,955,80.86,95,119.55,88.1,102.39,-1,2255.3
378,2014/7/23,730,92.6,-1,-1,727,946,80.92,94,119.42,88.9,103.12,-1,2249.2
379,2014/7/24,730,92.5,-1,-1,732,931,80.96,93,119.31,88.7,102.07,-1,2248.1
380,2014/7/25,730,92.5,-1,-1,739,891,81.12,94,119.2,88.4,102.09,161.63,2246.7
381,2014/7/26,730,92.5,-1,-1,-1,-1,-1,-1,-1,-1,-1,-1,-1
382,2014/7/27,730,92.5,-1,-1,-1,-1,-1,-1,-1,-1,-1,-1,-1
383,2014/7/28,730,92.4,-1,-1,743,862,81.12,-1,119.13,88.4,101.67,-1,2246.7
384,2014/7/29,730,92.3,-1,-1,747,848,81.31,95.5,119.13,88.3,100.97,-1,2246.7
385,2014/7/30,735,92.2,-1,-1,754,842,81.52,95.5,119.15,89,100.27,-1,2246.7
386,2014/7/31,735,92.2,-1,-1,755,833,81.52,95.25,119.13,89,98.17,-1,2239.3
387,2014/8/1,735,92.1,-1,-1,751,826,81.38,93.5,119.1,89,97.88,161.42,2237
388,2014/8/2,735,92.1,-1,-1,-1,-1,-1,-1,-1,-1,-1,-1,-1
389,2014/8/3,735,92.1,-1,-1,-1,-1,-1,-1,-1,-1,-1,-1,-1
390,2014/8/4,735,92.1,-1,-1,753,815,81.41,94.75,119.04,89,98.29,-1,2236.2
391,2014/8/5,735,92,-1,-1,755,800,81.61,95.5,119.03,89,97.38,-1,2234.4
392,2014/8/6,735,91.9,-1,-1,759,794,81.51,95.5,119.02,89,96.92,-1,2228
393,2014/8/7,745,91.9,-1,-1,765,811,81.61,95.5,119.01,89,97.34,-1,2222.1
394,2014/8/8,750,91.8,-1,-1,777,807,81.45,95,118.96,88.9,97.65,161.53,2222.1
395,2014/8/9,750,91.8,-1,-1,-1,-1,-1,-1,-1,-1,-1,-1,-1
396,2014/8/10,750,91.8,-1,-1,-1,-1,-1,-1,-1,-1,-1,-1,-1
397,2014/8/11,750,91.8,-1,-1,792,793,81.53,95,118.84,88.7,97.21,-1,2223.1
398,2014/8/12,745,91.7,-1,-1,836,762,81.56,93.75,118.66,88.7,96.48,-1,2218
399,2014/8/13,735,91.8,-1,-1,871,753,81.66,93.5,118.54,88,96.74,-1,2216.9
400,2014/8/14,730,91.8,-1,-1,942,748,81.65,93.5,118.35,87.3,94.08,-1,2216.9
401,2014/8/15,725,91.7,-1,-1,1015,747,81.47,93.75,118.2,86.5,95.32,161.15,2214.7
402,2014/8/16,725,91.7,-1,-1,-1,-1,-1,-1,-1,-1,-1,-1,-1
403,2014/8/17,725,91.7,-1,-1,-1,-1,-1,-1,-1,-1,-1,-1,-1
404,2014/8/18,725,91.7,-1,-1,1042,749,81.63,93.25,118.02,86.4,93.75,-1,2214.7
405,2014/8/19,720,91.6,-1,-1,1040,759,81.94,92.75,117.82,86.4,92.86,-1,2212.8
406,2014/8/20,720,91.6,-1,-1,1061,768,82.28,92.25,117.69,86.2,93.45,-1,2212.8
407,2014/8/21,720,91.5,-1,-1,1096,761,82.21,91.75,117.49,85.9,93.96,-1,2212.3
408,2014/8/22,715,91.5,-1,-1,1088,759,82.38,89.75,117.23,85.5,93.65,160.59,2202.9
409,2014/8/23,715,91.5,-1,-1,-1,-1,-1,-1,-1,-1,-1,-1,-1
410,2014/8/24,715,91.4,-1,-1,-1,-1,-1,-1,-1,-1,-1,-1,-1
411,2014/8/25,715,91.4,-1,-1,-1,-1,82.59,89.25,116.98,85.1,93.35,-1,2201.4
412,2014/8/26,710,91.2,-1,-1,1070,742,82.68,88.75,116.72,84.3,93.86,-1,2194.9
413,2014/8/27,705,91.2,-1,-1,1063,735,82.45,88,116.72,84,93.88,-1,2189.4
414,2014/8/28,705,91.1,-1,-1,1119,722,82.52,87.25,116.19,84,94.55,-1,2187.8
415,2014/8/29,700,91.1,-1,-1,1147,699,82.78,88,115.98,83.4,95.96,160.17,2178
416,2014/8/30,700,91,-1,-1,-1,-1,-1,-1,-1,-1,-1,-1,-1
417,2014/8/31,700,91,-1,-1,-1,-1,-1,-1,-1,-1,-1,-1,-1
418,2014/9/1,700,90.9,-1,-1,1151,693,82.78,87,115.61,83.4,95.96,-1,2147.8
419,2014/9/2,700,90.7,-1,-1,1149,687,83.01,87,115.26,83.4,92.88,-1,2135.9
420,2014/9/3,700,90.7,-1,-1,1142,682,82.89,85.75,114.84,83.1,95.54,-1,2122.4
421,2014/9/4,690,90.6,-1,-1,1147,677,83.83,83.75,114.26,82.4,94.45,-1,2122.4
422,2014/9/5,685,90.6,-1,-1,1155,674,83.76,84,113.86,82.4,93.29,158.99,2117.4
423,2014/9/6,682.5,90.6,-1,-1,-1,-1,-1,-1,-1,-1,-1,-1,-1
424,2014/9/7,680,90.5,-1,-1,-1,-1,-1,-1,-1,-1,-1,-1,-1
425,2014/9/8,677.5,90.4,-1,-1,1166,665,84.24,83.75,-1,-1,92.66,-1,-1
426,2014/9/9,675,90.4,-1,-1,1197,660,84.28,83.25,113.25,81.8,91.45,-1,2103.4
427,2014/9/10,675,90.3,-1,-1,1197,652,84.29,83,112.56,81.7,90.42,-1,2093.3
428,2014/9/11,675,90.1,-1,-1,1186,645,84.3,82.75,112.1,81.1,91.36,-1,2080.7
429,2014/9/12,675,89.9,-1,-1,1181,640,84.24,83.5,111.78,80.4,91.37,-1,2063.9
430,2014/9/13,676.7,89.8,-1,-1,-1,-1,-1,-1,-1,-1,-1,-1,-1
431,2014/9/14,678.3,89.8,-1,-1,-1,-1,-1,-1,-1,-1,-1,-1,-1
432,2014/9/15,680,89.7,-1,-1,1173,635,84.25,85.75,112.06,81.8,91.99,-1,2034.2
433,2014/9/16,700,89.6,-1,-1,1150,630,84.23,84.75,112.21,82.9,93.81,-1,2032.3
434,2014/9/17,700,89.5,-1,-1,1124,625,84.49,84.25,111.98,82.6,93.2,-1,2030.9
435,2014/9/18,695,89.5,-1,-1,1089,615,84.43,82.75,111.66,82.4,91.98,-1,2027.5
436,2014/9/19,695,89.4,-1,-1,1075,612,84.86,82,111.39,82.2,91.65,157.74,2025.9
437,2014/9/20,693.3,89.3,-1,-1,-1,-1,-1,-1,-1,-1,-1,-1,-1
438,2014/9/21,691.7,89.3,-1,-1,-1,-1,-1,-1,-1,-1,-1,-1,-1
439,2014/9/22,690,89.2,-1,-1,1077,607,84.86,80.5,110.78,81.8,90.87,-1,2025.9
440,2014/9/23,680,88.7,-1,-1,1073,604,84.78,79.75,110.21,80.7,91.56,-1,2025.9
441,2014/9/24,675,88.6,-1,-1,1056,605,85.16,79.75,110.19,80.2,92.8,-1,2025.1
442,2014/9/25,675,88.5,-1,-1,1038,608,85.3,79.25,109.86,80.1,92.53,-1,2022
443,2014/9/26,675,88.3,-1,-1,1049,611,85.77,79.25,109.71,79.9,93.54,156.96,2018.2
444,2014/9/27,675,88.3,-1,-1,-1,-1,-1,-1,-1,-1,-1,-1,-1
445,2014/9/28,675,88.2,-1,-1,-1,-1,-1,-1,109.68,79.9,-1,-1,2018.2
446,2014/9/29,675,88.1,-1,-1,1062,613,85.72,77.75,109.34,79.8,94.57,-1,2018.2
447,2014/9/30,675,88.1,-1,-1,1063,623,86.05,77.75,109.35,79.6,91.16,-1,2018.2
448,2014/10/1,676.2,88.1,-1,-1,1055,639,86.08,78.75,-1,-1,90.73,-1,-1
449,2014/10/2,677.5,88.1,-1,-1,1041,639,85.69,79.5,-1,-1,91.01,-1,-1
450,2014/10/3,678.8,88.1,-1,-1,1037,645,86.82,79.5,-1,-1,89.74,156.84,-1
451,2014/10/4,680,88.1,-1,-1,-1,-1,-1,-1,-1,-1,-1,-1,-1
452,2014/10/5,681.2,88.1,-1,-1,-1,-1,-1,-1,-1,-1,-1,-1,-1
453,2014/10/6,682.5,88.1,-1,-1,1029,649,86.04,79.5,-1,-1,89.34,-1,-1
454,2014/10/7,683.8,88.1,-1,-1,1015,657,85.78,80.5,-1,-1,87.98,-1,-1
455,2014/10/8,685,87.6,-1,-1,991,664,85.41,79.75,109.45,81,86.59,-1,2000.7
456,2014/10/9,685,87.3,-1,-1,974,674,85.66,79.25,109.36,80.7,85.05,-1,2000.7
457,2014/10/10,680,87.1,-1,-1,963,678,86.03,80.5,109.32,80.1,85.11,156.58,1998.2
458,2014/10/11,680,87,-1,-1,-1,-1,-1,-1,109.48,80,-1,-1,1997.3
459,2014/10/12,682.5,87,-1,-1,-1,-1,-1,-1,-1,-1,-1,-1,-1
460,2014/10/13,685,87,-1,-1,954,683,85.73,83.75,110.05,80.5,84.98,-1,1994.1
461,2014/10/14,695,87,-1,-1,948,689,85.94,83.5,110.39,81.3,81.2,-1,1994.1
462,2014/10/15,695,86.9,-1,-1,935,694,85.24,82.25,110.64,81.3,80.94,-1,1992.2
463,2014/10/16,695,86.8,-1,-1,930,698,85.04,80.25,110.9,81.3,81.95,-1,1992.2
464,2014/10/17,695,86.6,-1,-1,944,700,85.21,81,111.2,81,82.06,156.97,1992.2
465,2014/10/18,693.3,86.6,-1,-1,-1,-1,-1,-1,-1,-1,-1,-1,-1
466,2014/10/19,691.7,86.6,-1,-1,-1,-1,-1,-1,-1,-1,-1,-1,-1
467,2014/10/20,690,86.7,-1,-1,973,702,85.04,81.75,111.4,80.7,81.91,-1,1992.2
468,2014/10/21,690,86.5,-1,-1,1090,703,85.4,82,111.5,80.5,82.49,-1,1994
469,2014/10/22,695,86.5,-1,-1,1136,699,85.85,-1,111.5,80.6,80.52,-1,1994
470,2014/10/23,685,86.5,-1,-1,1155,699,85.95,79.75,111.29,80,82.09,-1,1994
471,2014/10/24,685,86.4,-1,-1,1192,716,85.82,80,111.11,79,81.01,-1,1994
472,2014/10/25,685,86.4,-1,-1,-1,-1,-1,-1,-1,-1,-1,-1,-1
473,2014/10/26,685,86.4,-1,-1,-1,-1,-1,-1,-1,-1,-1,-1,-1
474,2014/10/27,685,86.3,-1,-1,1285,735,85.56,80,111,79,81,-1,2027.4
475,2014/10/28,685,86.1,-1,-1,1395,754,85.47,79,110.92,78,81.42,-1,2027.4
476,2014/10/29,685,86.2,-1,-1,1428,777,86.04,79,110.88,77.2,82.2,-1,2030.7
477,2014/10/30,685,86.2,-1,-1,1424,795,86.23,79,110.89,77,81.12,-1,2030.7
478,2014/10/31,685,85.4,-1,-1,1428,809,87.02,79,110.88,76.3,80.54,-1,2030.7
479,2014/11/1,685,85.4,-1,-1,-1,-1,-1,-1,-1,-1,-1,-1,-1
480,2014/11/2,685,85.4,-1,-1,-1,-1,-1,-1,-1,-1,-1,-1,-1
481,2014/11/3,685,85.5,-1,-1,1456,813,87.41,78.5,110.94,76.1,78.78,-1,2056.3
482,2014/11/4,695,85.5,-1,-1,1484,820,87.09,77.75,110.92,76.1,77.19,-1,2056.3
483,2014/11/5,695,85.5,-1,-1,1464,825,87.57,76.25,110.99,75.3,78.68,-1,2056.3
484,2014/11/6,695,85.5,-1,-1,1436,833,88.13,75.5,111.03,75.1,77.91,-1,2057.4
485,2014/11/7,695,85.5,-1,-1,1437,839,87.73,76,111.06,74.8,78.65,156.31,2057.4
486,2014/11/8,695,85.5,-1,-1,-1,-1,-1,-1,-1,-1,-1,-1,-1
487,2014/11/9,695,85.5,-1,-1,-1,-1,-1,-1,-1,-1,-1,-1,-1
488,2014/11/10,695,85.7,-1,-1,1418,839,87.91,75.5,111.13,74.8,77.4,-1,2057.4
489,2014/11/11,697.5,85.8,-1,-1,1370,835,87.72,76,111.21,74.6,77.94,-1,2054.9
490,2014/11/12,700,85.9,-1,-1,1327,843,87.91,76,111.19,74.6,77.15,-1,2054.3
491,2014/11/13,700,85.9,-1,-1,1264,865,87.75,75.75,111.1,74.6,74.16,-1,2055.4
492,2014/11/14,700,85.9,-1,-1,1256,871,87.59,75.5,110.84,74.6,75.82,155.62,2054.1
493,2014/11/15,700,85.9,-1,-1,-1,-1,-1,-1,-1,-1,-1,-1,-1
494,2014/11/16,700,85.9,-1,-1,-1,-1,-1,-1,-1,-1,-1,-1,-1
495,2014/11/17,700,85.8,-1,-1,1264,909,88.01,75.25,110.66,74.6,75.66,-1,2050.9
496,2014/11/18,700,85.8,-1,-1,1296,937,87.64,71.25,110.49,74.3,74.64,-1,2049.7
497,2014/11/19,700,85.7,-1,-1,1306,964,87.71,70.25,110.33,73.6,74.5,-1,2048.4
498,2014/11/20,695,85.9,-1,-1,1332,973,87.67,70.5,110.13,72.9,75.85,-1,2041.9
499,2014/11/21,695,85.9,-1,-1,1324,975,88.41,69.75,109.94,72.5,76.51,154.31,2040
500,2014/11/22,693.3,85.9,-1,-1,-1,-1,-1,-1,-1,-1,-1,-1,-1
501,2014/11/23,691.7,85.9,-1,-1,-1,-1,-1,-1,-1,-1,-1,-1,-1
502,2014/11/24,690,85.9,-1,-1,1317,960,88.21,70.25,109.9,72.5,75.78,-1,2028.1
503,2014/11/25,685,85.9,-1,-1,1313,947,87.96,69,109.8,72.3,74.09,-1,2023.9
504,2014/11/26,685,85.9,-1,-1,1239,939,87.65,68.5,109.83,71.5,73.69,-1,2018.7
505,2014/11/27,685,85.9,-1,-1,1187,893,87.65,69.25,109.72,70.6,-1,-1,2018.2
506,2014/11/28,690,85.9,-1,-1,1153,866,88.41,71.25,109.85,70.9,66.15,153.84,2018.2
507,2014/11/29,690,85.9,-1,-1,-1,-1,-1,-1,-1,-1,-1,-1,-1
508,2014/11/30,690,85.9,-1,-1,-1,-1,-1,-1,-1,-1,-1,-1,-1
509,2014/12/1,690,85.8,-1,-1,1137,-1,87.98,71,109.8,71.2,69,-1,2017.3
510,2014/12/2,690,85.8,-1,-1,1119,833,88.7,69.75,109.77,71.2,66.88,-1,2004.1
511,2014/12/3,685,85.8,-1,-1,1079,826,88.99,69.5,109.66,71.2,67.38,-1,2004.1
512,2014/12/4,685,85.8,-1,-1,1019,818,88.73,71.5,109.48,70.9,66.81,-1,2004.1
513,2014/12/5,685,86,-1,-1,982,815,89.36,71.25,109.4,71,65.84,152.71,2004.1
514,2014/12/6,685,86,-1,-1,-1,-1,-1,-1,-1,-1,-1,-1,-1
515,2014/12/7,685,86,-1,-1,-1,-1,-1,-1,-1,-1,-1,-1,-1
516,2014/12/8,685,85.9,-1,-1,952,818,89.05,69.75,109.32,70.7,63.05,-1,2004.1
517,2014/12/9,685,85.9,-1,-1,933,824,88.69,69,109.17,70.7,63.82,-1,2002
518,2014/12/10,680,85.8,-1,-1,911,835,88.29,69.5,108.99,70,60.94,-1,2002
519,2014/12/11,680,85.8,-1,-1,887,842,88.68,69.5,108.83,69.5,60.19,-1,2002
520,2014/12/12,680,85.8,-1,-1,863,857,88.34,69.5,108.7,69.3,58.08,151.76,2000.9
521,2014/12/13,680,85.8,-1,-1,-1,-1,-1,-1,-1,-1,-1,-1,-1
522,2014/12/14,680,85.8,-1,-1,-1,-1,-1,-1,-1,-1,-1,-1,-1
523,2014/12/15,680,85.7,-1,-1,845,871,88.57,69.25,108.51,69.1,56.26,-1,1999.7
524,2014/12/16,680,85.7,-1,-1,838,886,88.3,68.25,108.29,68.6,56.26,-1,1993.3
525,2014/12/17,680,85.6,-1,-1,827,888,89.33,68.25,107.99,68.2,56.79,-1,1991.3
526,2014/12/18,680,85.5,-1,-1,814,881,89.48,68.5,107.81,67.7,54,-1,1988.1
527,2014/12/19,680,85.4,-1,-1,803,877,89.84,69.5,107.73,67.4,57,150.64,1986.5
528,2014/12/20,680,85.4,-1,-1,-1,-1,-1,-1,-1,-1,-1,-1,-1
529,2014/12/21,680,85.4,-1,-1,-1,-1,-1,-1,-1,-1,-1,-1,-1
530,2014/12/22,680,85.3,-1,-1,794,872,89.95,67.5,107.31,67.4,55,-1,1983.3
531,2014/12/23,680,85.2,-1,-1,788,862,90.33,66.25,106.85,67.4,57,-1,1981
532,2014/12/24,675,85.1,-1,-1,782,862,90.22,66.75,106.68,66.6,56,-1,1970.8
533,2014/12/25,675,85.1,-1,-1,-1,-1,-1,-1,106.49,66.6,-1,-1,1964
534,2014/12/26,675,85,-1,-1,-1,-1,90.31,67.5,106.05,66.5,55,149.74,1948
535,2014/12/27,675,85,-1,-1,-1,-1,-1,-1,-1,-1,-1,-1,-1
536,2014/12/28,675,85,-1,-1,-1,-1,-1,-1,-1,-1,-1,-1,-1
537,2014/12/29,675,85,-1,-1,-1,-1,90.5,68,105.84,66.4,53.61,-1,1928.9
538,2014/12/30,680,85,-1,-1,-1,-1,90.28,71.75,105.77,67.3,54.12,-1,1928.9
539,2014/12/31,690,84.9,-1,-1,-1,-1,90.65,71.75,105.84,69,53.27,-1,1927.6
540,2015/1/1,690,84.9,-1,-1,-1,-1,-1,-1,-1,-1,-1,-1,-1
541,2015/1/2,690,84.9,-1,-1,771,885,91.38,71.75,-1,-1,52.69,160.55,-1
542,2015/1/3,690,84.9,-1,-1,-1,-1,-1,-1,-1,-1,-1,-1,-1
543,2015/1/4,690,84.9,-1,-1,-1,-1,-1,-1,105.71,69,-1,-1,1925.9
544,2015/1/5,695,84.6,-1,-1,761,884,91.62,70.75,105.52,69.4,50.04,-1,1915.5
545,2015/1/6,695,84.5,-1,-1,758,884,91.74,71.75,105.24,69.4,47.93,-1,1915
546,2015/1/7,700,84.4,-1,-1,744,884,92.11,71.25,104.97,69.7,48.65,-1,1915
547,2015/1/8,700,84.4,-1,-1,724,895,92.6,71,104.49,69.8,49.28,-1,1915
548,2015/1/9,700,84.4,-1,-1,709,905,92.15,70.5,104,69.8,48.99,159.17,1914.3
549,2015/1/10,698.3,84.4,-1,-1,-1,-1,-1,-1,-1,-1,-1,-1,-1
550,2015/1/11,696.7,84.4,-1,-1,-1,-1,-1,-1,-1,-1,-1,-1,-1
551,2015/1/12,695,84.2,-1,-1,723,914,92.18,68.75,103.1,69.3,46.76,-1,1914.3
552,2015/1/13,695,84.2,-1,-1,762,933,92.5,68.5,102.36,68.4,46.51,-1,1911.8
553,2015/1/14,690,83.9,-1,-1,757,937,92.34,67.75,101.78,68,48.96,-1,1908.7
554,2015/1/15,685,83.8,-1,-1,749,942,92.61,68.75,101.22,67.5,46.73,-1,1907.1
555,2015/1/16,685,83.8,-1,-1,741,950,92.89,68.25,100.79,67.3,49.13,155.33,1896.5
556,2015/1/17,685,83.8,-1,-1,-1,-1,-1,-1,-1,-1,-1,-1,-1
557,2015/1/18,685,83.8,-1,-1,-1,-1,-1,-1,-1,-1,-1,-1,-1
558,2015/1/19,685,83.6,-1,-1,739,948,92.89,68,100.21,67.3,-1,-1,1891.9
559,2015/1/20,685,83.4,-1,-1,753,953,93.35,67.25,99.84,67,46.47,-1,1881.8
560,2015/1/21,680,83.2,-1,-1,770,946,93.14,66,99.24,66.8,47.78,-1,1876
561,2015/1/22,680,83.1,-1,-1,751,934,94.36,67,98.67,66.7,46.31,-1,1856.1
562,2015/1/23,670,82.9,-1,-1,720,917,95.05,66.5,98.05,66.1,45.59,154.13,1847.5
563,2015/1/24,670,82.9,-1,-1,-1,-1,-1,-1,-1,-1,-1,-1,-1
564,2015/1/25,670,82.9,-1,-1,-1,-1,-1,-1,-1,-1,-1,-1,-1
565,2015/1/26,670,82.2,-1,-1,703,889,95.11,63.75,97.47,66.1,45.15,-1,1829.9
566,2015/1/27,665,82.1,-1,-1,688,878,94.25,63.75,96.81,65.9,46.23,-1,1823.3
567,2015/1/28,660,81.8,-1,-1,666,870,94.73,63,96.27,65.2,44.45,-1,1823.3
568,2015/1/29,660,81.6,-1,-1,632,868,95.01,63.25,95.99,64.9,44.53,-1,1822.5
569,2015/1/30,660,81.5,-1,-1,608,863,95,62,95.85,64.9,48.24,153.25,1822.5
570,2015/1/31,660,81.5,-1,-1,-1,-1,-1,-1,-1,-1,-1,-1,-1
571,2015/2/1,660,81.5,-1,-1,-1,-1,-1,-1,-1,-1,-1,-1,-1
572,2015/2/2,660,81.3,-1,-1,590,894,94.73,61.25,95.61,64.9,49.57,-1,1810.7
573,2015/2/3,660,81,-1,-1,577,904,93.72,63,95.37,64.9,53.05,-1,1810.7
574,2015/2/4,660,80.9,-1,-1,569,910,94.17,62,95.08,64.8,48.45,-1,1810.7
575,2015/2/5,660,80.8,-1,-1,564,922,93.73,61.75,94.85,64.7,50.48,-1,1800.3
576,2015/2/6,650,80.7,-1,-1,559,920,94.85,62.25,94.74,64.6,51.69,151.96,1793.1
577,2015/2/7,650,80.7,-1,-1,-1,-1,-1,-1,-1,-1,-1,-1,-1
578,2015/2/8,650,80.7,-1,-1,-1,-1,-1,-1,-1,-1,-1,-1,-1
579,2015/2/9,650,80.6,-1,-1,554,900,94.58,61.75,94.72,64.9,52.86,-1,1785.9
580,2015/2/10,650,80.6,-1,-1,556,886,94.85,62.75,94.68,64.5,50.02,-1,1784.8
581,2015/2/11,650,80.5,-1,-1,553,870,95.09,62.75,94.64,64.3,49.78,-1,1784.8
582,2015/2/12,650,80.5,-1,-1,540,867,94.2,63.25,94.61,64.3,52.16,-1,1784.2
583,2015/2/13,645,80.5,-1,-1,530,863,94.28,64.25,94.6,64.3,53.67,150.41,1784.2
584,2015/2/14,645,80.5,-1,-1,-1,-1,-1,-1,-1,-1,-1,-1,-1
585,2015/2/15,645,80.5,-1,-1,-1,-1,-1,-1,94.59,64.3,-1,-1,1784.2
586,2015/2/16,645,80.5,-1,-1,522,853,94.28,65.5,94.6,64.3,-1,-1,1784.2
587,2015/2/17,645,80.5,-1,-1,516,841,94.15,64,-1,64.3,54.29,-1,1784.2
588,2015/2/18,645,80.5,-1,-1,509,845,94.26,62.5,-1,-1,52.82,-1,-1
589,2015/2/19,645,80.5,-1,-1,511,841,94.49,-1,-1,-1,51.83,-1,-1
590,2015/2/20,645,80.5,-1,-1,513,840,94.34,-1,-1,-1,50.81,150.03,-1
591,2015/2/21,645,80.5,-1,-1,-1,-1,-1,-1,-1,-1,-1,-1,-1
592,2015/2/22,645,80.5,-1,-1,-1,-1,-1,-1,-1,-1,-1,-1,-1
593,2015/2/23,645,80.5,-1,-1,512,838,94.66,62.5,-1,-1,49.45,-1,-1
594,2015/2/24,645,80.5,-1,-1,516,838,94.56,63.5,-1,-1,49.28,-1,-1
595,2015/2/25,645,80.4,-1,-1,524,838,94.23,63,94.64,64.3,50.99,-1,1782.8
596,2015/2/26,645,80.3,-1,-1,533,837,95.34,63.5,94.67,64.3,48.17,-1,1781.7
597,2015/2/27,645,80.2,-1,-1,540,841,95.32,62.75,94.67,64.3,49.76,148.39,1781.7
598,2015/2/28,645,80,-1,-1,-1,-1,-1,-1,94.62,64.3,-1,-1,1781.7
599,2015/3/1,645,80,-1,-1,-1,-1,-1,-1,-1,-1,-1,-1,-1
600,2015/3/2,645,79.9,-1,-1,548,835,95.48,63,94.4,64.3,49.59,-1,1767.8
601,2015/3/3,645,79.6,-1,-1,553,835,95.41,63,94.18,64.3,50.52,-1,1755.2
602,2015/3/4,640,79.5,-1,-1,559,844,95.99,61.75,94.03,64.2,51.53,-1,1755.2
603,2015/3/5,640,79.6,-1,-1,561,851,96.39,59.75,93.84,63.8,50.76,-1,1753
604,2015/3/6,630,79.6,-1,-1,565,848,97.6,58.5,93.64,63.4,49.61,147.37,1751.1
605,2015/3/7,626.7,79.6,-1,-1,-1,-1,-1,-1,-1,-1,-1,-1,-1
606,2015/3/8,623.3,79.6,-1,-1,-1,-1,-1,-1,-1,-1,-1,-1,-1
607,2015/3/9,620,79.4,-1,-1,568,837,97.58,58,93.3,63.1,50,-1,1736.8
608,2015/3/10,620,79.3,-1,-1,568,827,98.61,57.25,93.02,62.1,50.07,-1,1730.2
609,2015/3/11,610,78.7,-1,-1,565,818,99.78,57,92.75,61.4,50.02,-1,1716.8
610,2015/3/12,605,78.5,-1,-1,560,816,99.41,58.5,92.68,61,49.13,-1,1710.8
611,2015/3/13,605,78.5,-1,-1,562,812,100.31,58.5,93.04,61,47.06,146.79,1707.3
612,2015/3/14,605,78.5,-1,-1,-1,-1,-1,-1,-1,-1,-1,-1,-1
613,2015/3/15,605,78.5,-1,-1,-1,-1,-1,-1,-1,-1,-1,-1,-1
614,2015/3/16,605,78.5,-1,-1,564,809,99.48,58.5,93.27,61,46.13,-1,1695.4
615,2015/3/17,595,78.5,-1,-1,568,796,99.95,57.75,93.57,60.9,45.19,-1,1690.8
616,2015/3/18,585,78.4,-1,-1,571,783,98.78,56.25,93.82,60.9,46.65,-1,1690.8
617,2015/3/19,580,78.3,-1,-1,584,772,99.58,55.5,93.85,60.9,45.53,-1,1682.7
618,2015/3/20,575,78.3,212.89,287.09,591,769,98.17,55,93.76,60.8,46.57,147.38,1681.7
619,2015/3/21,573.3,78.3,-1,-1,-1,-1,-1,-1,-1,-1,-1,-1,-1
620,2015/3/22,571.7,78.3,-1,-1,-1,-1,-1,-1,-1,-1,-1,-1,-1
621,2015/3/23,570,78.3,-1,-1,594,786,97.3,55,94.86,60.8,47.45,-1,1679.1
622,2015/3/24,555,78.2,-1,-1,597,803,97.45,56,96.13,60.8,47.51,-1,1679.1
623,2015/3/25,540,78.5,-1,-1,598,813,97.2,55.25,96.78,59.1,49.21,-1,1678
624,2015/3/26,530,78.5,-1,-1,598,811,97.68,54,96.67,59.1,51.43,-1,1670.7
625,2015/3/27,520,78.5,-1,-1,596,801,97.52,53,96.22,58.9,48.87,148.28,1670.7
626,2015/3/28,520,78.5,-1,-1,-1,-1,-1,-1,-1,-1,-1,-1,-1
627,2015/3/29,520,78.5,-1,-1,-1,-1,-1,-1,-1,-1,-1,-1,-1
628,2015/3/30,520,78.4,-1,-1,599,792,98.28,52,96.05,58.7,48.68,-1,1669.6
629,2015/3/31,500,78.3,209.3,290.22,602,809,98.66,51.25,95.85,56.6,47.6,-1,1664
630,2015/4/1,490,78,-1,-1,596,804,98.47,48,95.63,55.7,50.09,-1,1657
631,2015/4/2,480,78,-1,-1,588,795,97.67,47.5,95.3,54.7,49.14,-1,1658.5
632,2015/4/3,460,78,-1,-1,-1,-1,96.8,-1,94.95,53.5,49.14,147.65,1649.3
633,2015/4/4,457.5,78,-1,-1,-1,-1,-1,-1,-1,-1,-1,-1,-1
634,2015/4/5,455,78,-1,-1,-1,-1,-1,-1,-1,-1,-1,-1,-1
635,2015/4/6,452.5,78,-1,-1,-1,-1,96.96,47.5,-1,-1,52.14,-1,-1
636,2015/4/7,450,77.9,-1,-1,583,776,98.06,47.75,94.35,53.1,53.98,-1,1649.3
637,2015/4/8,450,77.8,-1,-1,580,764,98.13,48.25,93.88,53.1,50.42,-1,1649.3
638,2015/4/9,450,77.6,-1,-1,580,771,99.39,48,93.32,52.9,50.79,-1,1649.3
639,2015/4/10,450,77.5,225.7,308.43,580,772,99.6,47.75,92.87,52.5,53.51,145.63,1649.3
640,2015/4/11,450,77.5,-1,-1,-1,-1,-1,-1,-1,-1,-1,-1,-1
641,2015/4/12,450,77.5,-1,-1,-1,-1,-1,-1,-1,-1,-1,-1,-1
642,2015/4/13,450,77.5,-1,-1,578,778,99.77,49.75,92.54,52.5,53.74,-1,1631.9
643,2015/4/14,450,77.5,-1,-1,581,790,98.94,50.75,92.65,52.5,54.87,-1,1605.3
644,2015/4/15,460,77.4,-1,-1,586,798,98.53,50.75,92.82,53.3,57.69,-1,1601.6
645,2015/4/16,460,77.3,-1,-1,593,800,97.61,50.75,92.65,53.3,58.11,-1,1596.2
646,2015/4/17,460,77.3,-1,-1,597,799,97.71,51.5,92.49,53.4,57.32,145.31,1595
647,2015/4/18,460,77.3,-1,-1,-1,-1,-1,-1,-1,-1,-1,-1,-1
648,2015/4/19,460,77.3,-1,-1,-1,-1,-1,-1,-1,-1,-1,-1,-1
649,2015/4/20,460,77.2,228.5,314.32,598,805,98.16,51.25,92.25,53.4,57.88,-1,1585.2
650,2015/4/21,460,77.1,-1,-1,601,801,98.2,51.25,92.02,53.4,56.61,-1,1585.2
651,2015/4/22,460,77,-1,-1,600,792,98.14,53.5,91.88,53.4,56.16,-1,1583.7
652,2015/4/23,465,77,-1,-1,599,784,97.45,54.75,91.84,54.4,57.74,-1,1583.7
653,2015/4/24,480,76.9,-1,-1,600,778,97.1,58.5,92.01,54.8,57.15,144.77,1583.7
654,2015/4/25,483.3,76.9,-1,-1,-1,-1,-1,-1,-1,-1,-1,-1,-1
655,2015/4/26,486.7,76.9,-1,-1,-1,-1,-1,-1,-1,-1,-1,-1,-1
656,2015/4/27,490,76.8,-1,-1,600,773,96.94,59.75,92.44,56,56.99,-1,1573.4
657,2015/4/28,510,76.8,-1,-1,601,772,96.19,59.25,92.69,59.4,57.06,-1,1573.4
658,2015/4/29,520,76.8,-1,-1,595,768,95.32,57.5,92.82,59.3,58.58,-1,1570.2
659,2015/4/30,515,76.7,235.14,334.6,591,754,94.71,55.5,92.76,58.5,59.63,-1,1568.6
660,2015/5/1,515,76.7,-1,-1,587,749,95.44,-1,-1,-1,59.15,144.98,-1
661,2015/5/2,515,76.7,-1,-1,-1,-1,-1,-1,-1,-1,-1,-1,-1
662,2015/5/3,515,76.7,-1,-1,-1,-1,-1,-1,-1,-1,-1,-1,-1
663,2015/5/4,515,76.7,-1,-1,-1,-1,95.64,57.75,92.7,57.9,58.93,-1,1559.5
664,2015/5/5,515,76.7,-1,-1,580,745,95.2,59.5,92.64,58.3,60.4,-1,1559.5
665,2015/5/6,520,76.6,-1,-1,575,741,94.17,61.25,92.6,59.5,60.93,-1,1560.6
666,2015/5/7,530,76.7,-1,-1,573,744,94.75,59.5,92.4,60,58.94,-1,1562.3
667,2015/5/8,530,76.6,-1,-1,574,753,94.9,61.5,92.17,60,59.39,144.66,1555
668,2015/5/9,530,76.6,-1,-1,-1,-1,-1,-1,-1,-1,-1,-1,-1
669,2015/5/10,530,76.6,226.9,299.75,-1,-1,-1,-1,-1,-1,-1,-1,-1
670,2015/5/11,530,76.5,-1,-1,578,746,95.1,63,91.96,60,60.29,-1,1555
671,2015/5/12,535,76.4,-1,-1,589,-1,94.61,62.5,91.79,60.5,61.74,-1,1555
672,2015/5/13,535,76.3,-1,-1,634,761,93.64,63,91.6,61,61.49,-1,1555
673,2015/5/14,535,76,-1,-1,637,806,93.5,62,91.34,61,60.84,-1,1555
674,2015/5/15,530,76,-1,-1,634,829,93.18,61.25,91.09,60.6,60.54,144.33,1556.3
675,2015/5/16,530,76,-1,-1,-1,-1,-1,-1,-1,-1,-1,-1,-1
676,2015/5/17,530,76,-1,-1,-1,-1,-1,-1,-1,-1,-1,-1,-1
677,2015/5/18,530,74.9,-1,-1,630,846,94.27,59.75,90.77,60.4,60.24,-1,1556.3
678,2015/5/19,530,74.8,-1,-1,620,892,95.36,59.5,90.53,60.4,57.99,-1,1556.3
679,2015/5/20,530,74.5,228.5,314.32,606,938,95.51,58.5,90.18,60.1,58.98,-1,1555.3
680,2015/5/21,525,74.5,-1,-1,592,918,95.33,59,89.92,59.6,60.72,-1,1555.3
681,2015/5/22,525,74.3,-1,-1,586,901,96.11,61.25,89.75,59.6,59.72,144.33,1555.3
682,2015/5/23,525,74.3,-1,-1,-1,-1,-1,-1,-1,-1,-1,-1,-1
683,2015/5/24,525,74.3,-1,-1,-1,-1,-1,-1,-1,-1,-1,-1,-1
684,2015/5/25,525,71.7,-1,-1,-1,-1,96.11,61.25,89.57,59.6,-1,-1,1546.7
685,2015/5/26,525,71.6,-1,-1,584,883,97.41,63.5,89.52,60,58.03,-1,1541.4
686,2015/5/27,525,71.5,-1,-1,587,868,97.47,62.75,89.41,61.1,57.51,-1,1540.5
687,2015/5/28,525,71.4,-1,-1,588,865,97.06,61,89.28,61.2,57.68,-1,1538.6
688,2015/5/29,525,71.4,-1,-1,589,856,96.99,61.5,89.13,60.9,60.3,143.07,1538.3
689,2015/5/30,523.3,71.4,-1,-1,-1,-1,-1,-1,-1,-1,-1,-1,-1
690,2015/5/31,521.7,71.4,222.82,309.71,-1,-1,-1,-1,-1,-1,-1,-1,-1
691,2015/6/1,520,71.3,-1,-1,589,848,97.47,-1,88.9,60.9,60.2,-1,1533.1
692,2015/6/2,530,71,-1,-1,591,846,95.88,62.75,88.71,61.6,61.26,-1,1533.1
693,2015/6/3,530,70.9,-1,-1,598,859,95.51,63.5,88.53,62.8,59.64,-1,1531.3
694,2015/6/4,530,70.9,-1,-1,603,863,95.49,64.75,88.34,63.2,58,-1,1530.4
695,2015/6/5,530,70.8,-1,-1,610,874,96.36,64.75,88.12,63.4,59.13,142.13,1530.4
696,2015/6/6,530,70.8,-1,-1,-1,-1,-1,-1,-1,-1,-1,-1,-1
697,2015/6/7,530,70.8,-1,-1,-1,-1,-1,-1,-1,-1,-1,-1,-1
698,2015/6/8,530,70.5,-1,-1,610,887,95.32,64.25,87.83,63.4,58.14,-1,1524.2
699,2015/6/9,530,70.4,-1,-1,612,914,95.17,64.75,87.61,63.4,60.14,-1,1506.6
700,2015/6/10,530,70.4,223.72,300.24,618,910,94.65,65.75,87.41,63.4,61.82,-1,1503.4
701,2015/6/11,540,70.3,-1,-1,629,908,94.98,65.75,87.21,64,61.22,-1,1502.9
702,2015/6/12,540,70.2,-1,-1,642,917,94.99,65,86.99,64.3,60.4,141.3,1500.9
703,2015/6/13,540,70.2,-1,-1,-1,-1,-1,-1,-1,-1,-1,-1,-1
704,2015/6/14,540,70.2,-1,-1,-1,-1,-1,-1,-1,-1,-1,-1,-1
705,2015/6/15,540,70.1,-1,-1,656,917,95.13,64,86.53,64.3,60,-1,1488.1
706,2015/6/16,540,69.8,-1,-1,681,931,95.26,62.5,86.06,64.3,60.45,-1,1486.9
707,2015/6/17,540,69.6,-1,-1,725,969,94.49,61,85.69,64.3,60.33,-1,1475.3
708,2015/6/18,535,69.6,-1,-1,773,1011,94.24,61,85.26,63.7,60.82,-1,1475.3
709,2015/6/19,530,69.3,-1,-1,779,1025,94.27,61,84.98,63.3,59.97,140.3,1460.3
710,2015/6/20,530,69.3,227.75,318.28,-1,-1,-1,-1,-1,-1,-1,-1,-1
711,2015/6/21,530,69.3,-1,-1,-1,-1,-1,-1,-1,-1,-1,-1,-1
712,2015/6/22,530,69.3,-1,-1,779,1046,94.52,60,-1,-1,60.38,-1,-1
713,2015/6/23,530,69.3,-1,-1,790,1070,95.64,60.75,84.59,63.2,61.01,-1,1440.9
714,2015/6/24,530,69.1,-1,-1,829,1066,95.42,62.25,84.25,63,60.27,-1,1438.3
715,2015/6/25,530,69,-1,-1,829,1054,95.39,60.75,83.97,63,59.7,-1,1427.2
716,2015/6/26,530,68.9,-1,-1,823,1026,95.65,60.5,83.63,63.2,59.63,139.3,1427.2
717,2015/6/27,530,68.9,-1,-1,-1,-1,-1,-1,-1,-1,-1,-1,-1
718,2015/6/28,530,68.9,-1,-1,-1,-1,-1,-1,-1,-1,-1,-1,-1
719,2015/6/29,530,68.7,-1,-1,813,989,94.95,60.5,83.23,63.2,58.33,-1,1406.8
720,2015/6/30,525,68.4,224.57,320.53,800,972,95.66,59.5,82.71,62.8,59.47,-1,1405.2
721,2015/7/1,515,68.3,-1,-1,794,952,96.51,58.5,82.28,61.7,56.96,-1,1371.1
722,2015/7/2,510,68.1,-1,-1,794,936,96.29,56.25,81.79,61.5,56.93,-1,1349.7
723,2015/7/3,505,68.1,-1,-1,805,916,96.29,55,81.36,60.9,-1,137.9,1344.6
724,2015/7/4,501.7,68.1,-1,-1,-1,-1,-1,-1,-1,-1,-1,-1,-1
725,2015/7/5,498.3,68.1,-1,-1,-1,-1,-1,-1,-1,-1,-1,-1,-1
726,2015/7/6,495,67.9,-1,-1,815,903,96.48,51.25,80.44,60.2,52.53,-1,1332.5
727,2015/7/7,485,67.7,-1,-1,830,888,97.08,49.75,79.63,58.5,52.33,-1,1329.2
728,2015/7/8,455,67.4,-1,-1,840,870,96.47,44.5,78.86,56.4,51.65,-1,1313.1
729,2015/7/9,425,67.2,-1,-1,853,857,96.79,48.75,78.25,53.9,53.23,-1,1305.6
730,2015/7/10,440,67,222.15,313.58,874,835,96.17,48.75,78.49,54.8,53.22,136.4,1287.7
731,2015/7/11,440,67,-1,-1,-1,-1,-1,-1,-1,-1,-1,-1,-1
732,2015/7/12,440,67,-1,-1,-1,-1,-1,-1,-1,-1,-1,-1,-1
733,2015/7/13,440,66.8,-1,-1,900,827,97,50,78.79,54.4,52.71,-1,1279.4
734,2015/7/14,440,66.7,-1,-1,915,820,96.78,50.75,78.76,54.2,53.48,-1,1276.8
735,2015/7/15,440,66.6,-1,-1,951,824,97.28,50,78.62,54.8,51.79,-1,1276.8
736,2015/7/16,435,66.5,-1,-1,1009,840,97.81,50,78.43,54.4,51.24,-1,1255.7
737,2015/7/17,435,66.5,-1,-1,1048,846,97.99,-1,78.22,54.5,51.21,135.7,1253.7
738,2015/7/18,435,66.5,-1,-1,-1,-1,-1,-1,-1,-1,-1,-1,-1
739,2015/7/19,435,66.5,-1,-1,-1,-1,-1,-1,-1,-1,-1,-1,-1
740,2015/7/20,435,66.4,211,299.52,1067,854,98.16,52.75,78.82,54.1,50.44,-1,1253.7
741,2015/7/21,440,66.4,-1,-1,1113,849,97.43,52.5,79.66,55.9,50.86,-1,1253.7
742,2015/7/22,445,66.3,-1,-1,1118,826,97.72,51,79.42,55.9,49.19,-1,1253.7
743,2015/7/23,440,66.2,-1,-1,1102,817,97.23,51.25,78.93,54.8,48.45,-1,1253.7
744,2015/7/24,440,66.2,-1,-1,1086,813,97.35,51.25,78.75,54.7,48.14,135.6,1253.7
745,2015/7/25,440,66.2,-1,-1,-1,-1,-1,-1,-1,-1,-1,-1,-1
746,2015/7/26,440,66.2,-1,-1,-1,-1,-1,-1,-1,-1,-1,-1,-1
747,2015/7/27,440,66.1,-1,-1,1090,803,96.61,52,79.31,54.7,47.39,-1,1253.7
748,2015/7/28,440,66,-1,-1,1094,792,96.86,53.5,79.54,54.7,47.98,-1,1254.7
749,2015/7/29,440,65.9,-1,-1,1104,776,97.08,56.75,79.85,56.3,48.79,-1,1255.6
750,2015/7/30,445,65.9,-1,-1,1100,763,97.69,55.5,80.32,56.3,48.52,-1,1255.6
751,2015/7/31,450,65.8,203.63,307.93,1131,755,97.44,55.25,80.59,57.1,47.12,135.9,1255.6
752,2015/8/1,453.3,65.8,-1,-1,-1,-1,-1,-1,-1,-1,-1,-1,-1
753,2015/8/2,456.7,65.8,-1,-1,-1,-1,-1,-1,-1,-1,-1,-1,-1
754,2015/8/3,460,66.1,-1,-1,1151,742,97.62,55.75,81.67,58.6,45.17,-1,1259.1
755,2015/8/4,460,66,-1,-1,1200,735,98.02,55.75,82.35,58.6,45.74,-1,1261.2
756,2015/8/5,460,66.3,-1,-1,1222,726,98.03,57.25,82.74,58.3,45.15,-1,1287.5
757,2015/8/6,465,66.3,-1,-1,1201,713,97.91,56,83.03,58.4,44.66,-1,1305.7
758,2015/8/7,465,66.2,-1,-1,1200,708,97.62,-1,83.24,58.6,43.87,137.4,1312.4
759,2015/8/8,463.3,66.2,-1,-1,-1,-1,-1,-1,-1,-1,-1,-1,-1
760,2015/8/9,461.7,66.2,-1,-1,-1,-1,-1,-1,-1,-1,-1,-1,-1
761,2015/8/10,460,66.3,210.3,298.18,1197,694,97.2,-1,83.02,58.6,44.96,-1,1312.4
762,2015/8/11,460,66.5,-1,-1,1162,677,97.33,56,82.85,58.4,43.08,-1,1338
763,2015/8/12,460,66.5,-1,-1,1093,673,96.3,56.25,82.77,58.4,44.01,-1,1342.2
764,2015/8/13,460,66.4,-1,-1,1046,673,96.46,57,82.96,58.4,42.98,-1,1342.2
765,2015/8/14,465,66.4,-1,-1,1055,668,96.53,56.5,83.13,58.9,43.11,137.3,1344
766,2015/8/15,465,66.4,-1,-1,-1,-1,-1,-1,-1,-1,-1,-1,-1
767,2015/8/16,465,66.4,-1,-1,-1,-1,-1,-1,-1,-1,-1,-1,-1
768,2015/8/17,465,66.4,-1,-1,1063,665,96.81,56.75,83.09,58.9,42.41,-1,1362.4
769,2015/8/18,465,66.4,-1,-1,1046,654,97.07,56.75,83.02,58.9,43.12,-1,1364.2
770,2015/8/19,465,66.4,-1,-1,1031,644,96.37,56.75,82.8,58.9,41.27,-1,1366.1
771,2015/8/20,465,66.4,214.47,301.98,1014,632,96,56.25,82.52,58.6,41.32,-1,1366.1
772,2015/8/21,460,66,-1,-1,994,622,95,56.25,82.34,58.2,40.45,136,1367.3
773,2015/8/22,460,66,-1,-1,-1,-1,-1,-1,-1,-1,-1,-1,-1
774,2015/8/23,460,66,-1,-1,-1,-1,-1,-1,-1,-1,-1,-1,-1
775,2015/8/24,460,66.3,-1,-1,968,611,93.36,54.25,81.84,58.2,38.24,-1,1367.3
776,2015/8/25,460,66.2,-1,-1,942,601,94.54,53.25,81.25,57,39.31,-1,1367.3
777,2015/8/26,455,66.1,-1,-1,918,595,95.13,53.5,80.91,56.6,38.6,-1,1368
778,2015/8/27,455,66,-1,-1,905,593,95.65,54.25,80.75,56.8,42.56,-1,1352.8
779,2015/8/28,455,66,-1,-1,903,598,96.14,56.25,80.65,56.8,45.22,134.7,1353.9
780,2015/8/29,455,66,-1,-1,-1,-1,-1,-1,-1,-1,-1,-1,-1
781,2015/8/30,455,66,-1,-1,-1,-1,-1,-1,-1,-1,-1,-1,-1
782,2015/8/31,455,65.9,206.47,303.86,-1,-1,95.85,56.25,80.45,56.9,49.2,-1,1352.9
783,2015/9/1,465,65.9,-1,-1,911,609,95.45,56.25,80.25,57.9,45.41,-1,1359.9
784,2015/9/2,470,65.8,-1,-1,906,616,95.84,56.75,80.11,58.2,46.25,-1,1359
785,2015/9/3,470,65.8,-1,-1,891,628,96.42,56.75,-1,-1,46.75,-1,-1
786,2015/9/4,470,65.8,-1,-1,875,633,96.24,56.75,-1,-1,46.05,133.7,-1
787,2015/9/5,470,65.8,-1,-1,-1,-1,-1,-1,-1,-1,-1,-1,-1
788,2015/9/6,470,65.8,-1,-1,-1,-1,-1,-1,79.95,58.2,-1,-1,1359
789,2015/9/7,470,65.7,-1,-1,876,640,96.24,57,79.74,58.6,-1,-1,1356.4
790,2015/9/8,470,65.6,-1,-1,873,639,95.99,57.75,79.53,58.7,45.94,-1,1356.4
791,2015/9/9,470,65.6,-1,-1,855,642,96.01,58.25,79.48,59.2,44.15,-1,1356.4
792,2015/9/10,480,65.5,202.01,284.1,830,640,95.44,59.25,79.42,60.3,46.44,-1,1356.4
793,2015/9/11,480,65.5,-1,-1,818,635,95.19,-1,79.33,60.7,45.16,132.5,1356.4
794,2015/9/12,480,65.5,-1,-1,-1,-1,-1,-1,-1,-1,-1,-1,-1
795,2015/9/13,480,65.5,-1,-1,-1,-1,-1,-1,-1,-1,-1,-1,-1
796,2015/9/14,480,65.4,-1,-1,805,629,95.36,58,79.03,60.7,44.43,-1,1355.7
797,2015/9/15,480,65.3,-1,-1,802,626,95.78,57,78.88,60.7,45,-1,1342.8
798,2015/9/16,480,65.2,-1,-1,814,639,95.55,57,78.76,60.1,47.51,-1,1333.6
799,2015/9/17,480,65.2,-1,-1,883,658,94.68,57.6,78.71,60.1,47.2,-1,1328.5
800,2015/9/18,475,65.1,-1,-1,960,666,95,57.7,78.65,60.1,45.02,131.1,1328.5
801,2015/9/19,473.3,65.1,-1,-1,-1,-1,-1,-1,-1,-1,-1,-1,-1
802,2015/9/20,471.7,65.1,204.85,292.79,-1,-1,-1,-1,-1,-1,-1,-1,-1
803,2015/9/21,470,65,-1,-1,978,671,96.03,57.7,78.42,60.1,46.96,-1,1313.7
804,2015/9/22,470,64.9,-1,-1,923,674,96.45,57.65,78.28,59.8,46.36,-1,1302.8
805,2015/9/23,470,64.8,-1,-1,917,697,96.21,57.05,78.13,59.4,44.48,-1,1301.5
806,2015/9/24,470,64.7,-1,-1,922,705,96.15,-1,78.03,59,44.91,-1,1301.5
807,2015/9/25,465,64.7,-1,-1,943,706,96.43,56.85,77.98,58.6,45.7,-1,1301.5
808,2015/9/26,465,64.7,-1,-1,-1,-1,-1,-1,-1,-1,-1,130.1,-1
809,2015/9/27,465,64.7,-1,-1,-1,-1,-1,-1,-1,-1,-1,-1,-1
810,2015/9/28,465,64.6,-1,-1,943,703,96.18,55.85,77.74,58.6,44.43,-1,1300.6
811,2015/9/29,465,64.5,-1,-1,926,698,95.99,55.85,77.54,58.4,45.23,-1,1300.6
812,2015/9/30,465,64.5,224.85,292.79,900,715,96.48,55.65,77.46,58.2,45.09,-1,1300.6
813,2015/10/1,465,64.5,-1,-1,888,725,96.33,55.15,-1,-1,44.74,-1,-1
814,2015/10/2,465,64.5,-1,-1,889,745,95.97,54.65,-1,-1,45.54,-1,-1
815,2015/10/3,465,64.5,-1,-1,-1,-1,-1,-1,-1,-1,-1,128.7,-1
816,2015/10/4,465,64.5,-1,-1,-1,-1,-1,-1,-1,-1,-1,-1,-1
817,2015/10/5,465,64.5,-1,-1,881,754,96.24,54.9,-1,-1,46.26,-1,-1
818,2015/10/6,465,64.5,-1,-1,869,774,95.56,54.9,-1,-1,48.53,-1,-1
819,2015/10/7,465,64.5,-1,-1,841,786,95.58,54.8,-1,-1,47.81,-1,-1
820,2015/10/8,465,64.3,-1,-1,817,790,95.41,55.95,77.3,58.2,49.43,-1,1285.6
821,2015/10/9,460,64.2,-1,-1,809,783,94.88,56.4,77.06,57.8,50.14,127.1,1285.6
822,2015/10/10,460,64.2,225.61,288.5,-1,-1,-1,-1,76.92,57.8,-1,-1,1279.3
823,2015/10/11,460,64.2,-1,-1,-1,-1,-1,-1,-1,-1,-1,-1,-1
824,2015/10/12,460,64.2,-1,-1,809,778,94.77,55.9,76.94,57.8,47.61,-1,1278.8
825,2015/10/13,460,64.2,-1,-1,804,769,94.79,54.9,76.94,57.8,47.15,-1,1268.5
826,2015/10/14,455,64.2,-1,-1,787,771,93.96,54.3,76.82,57.8,47.16,-1,1268.5
827,2015/10/15,455,64.2,-1,-1,766,772,94.43,53.55,76.72,57.7,46.87,-1,1267.3
828,2015/10/16,455,64.1,-1,-1,754,771,94.59,53.8,76.63,57.5,47.72,126,1259.9
829,2015/10/17,453.3,64.1,-1,-1,-1,-1,-1,-1,-1,-1,-1,-1,-1
830,2015/10/18,451.7,64.1,-1,-1,-1,-1,-1,-1,-1,-1,-1,-1,-1
831,2015/10/19,450,64.1,-1,-1,747,756,94.95,53.1,76.51,57.2,46.28,-1,-1
832,2015/10/20,445,64,228.2,292.89,762,751,94.94,52.8,76.42,57.1,46.29,-1,1247.9
833,2015/10/21,445,63.9,-1,-1,780,749,95.07,52.3,76.34,57,45.2,-1,1238.5
834,2015/10/22,440,63.8,-1,-1,786,739,96.45,51.8,76.21,55.9,45.38,-1,1238.5
835,2015/10/23,440,63.8,-1,-1,774,739,97.24,51.75,76.1,55.7,44.6,124.7,1236.8
836,2015/10/24,440,63.8,-1,-1,-1,-1,-1,-1,-1,-1,-1,-1,-1
837,2015/10/25,440,63.8,-1,-1,-1,-1,-1,-1,-1,-1,-1,-1,-1
838,2015/10/26,440,63.8,-1,-1,759,737,96.95,50.75,76.01,55.5,43.98,-1,1235.6
839,2015/10/27,440,63.7,-1,-1,739,756,96.99,51,75.98,54.7,43.2,-1,1233.7
840,2015/10/28,425,63.4,-1,-1,736,744,97.86,49.25,75.98,53.9,45.94,-1,1233.7
841,2015/10/29,425,63.2,-1,-1,728,750,97.36,49.65,75.93,53.9,46.06,-1,1233.1
842,2015/10/30,420,63.1,-1,-1,721,788,97.02,49.9,75.79,53.2,46.59,123.3,1231.1
843,2015/10/31,416.7,63.1,220.22,289.06,-1,-1,-1,-1,-1,-1,-1,-1,-1
844,2015/11/1,413.3,63.1,-1,-1,-1,-1,-1,-1,-1,-1,-1,-1,-1
845,2015/11/2,410,62.8,-1,-1,706,816,97,48.6,75.67,52.9,46.14,-1,1227.9
846,2015/11/3,410,62.6,-1,-1,680,823,97.24,48.6,75.59,52.7,47.9,-1,1227.9
847,2015/11/4,405,62.3,-1,-1,657,822,98.03,48.4,75.44,51.6,46.32,-1,1227.9
848,2015/11/5,400,62.3,-1,-1,640,822,98.05,47.8,75.29,50.9,45.2,-1,1227.9
849,2015/11/6,400,62,-1,-1,631,828,99.26,47.8,75.04,50.9,44.29,122,1227.9
850,2015/11/7,396.7,62,-1,-1,-1,-1,-1,-1,-1,-1,-1,-1,-1
851,2015/11/8,393.3,62,-1,-1,-1,-1,-1,-1,-1,-1,-1,-1,-1
852,2015/11/9,390,61.9,-1,-1,628,831,99.08,48.3,74.77,50.3,43.87,-1,1225.4
853,2015/11/10,390,61.7,217.04,301.18,622,835,99.39,-1,74.59,50.3,44.21,-1,1224.5
854,2015/11/11,390,61.7,-1,-1,599,852,99.16,48.3,74.39,50.3,44.2,-1,1224.5
855,2015/11/12,390,61.5,-1,-1,579,853,98.71,48.1,74.1,50.3,43.03,-1,1220.9
856,2015/11/13,390,61.5,-1,-1,560,861,99.1,48,73.86,50.3,42,121.2,1220.9
857,2015/11/14,390,61.5,-1,-1,-1,-1,-1,-1,-1,-1,-1,-1,-1
858,2015/11/15,390,61.5,-1,-1,-1,-1,-1,-1,-1,-1,-1,-1,-1
859,2015/11/16,390,61.5,-1,-1,550,863,99.54,47.7,73.62,50.3,42.79,-1,1208.3
860,2015/11/17,390,61.3,-1,-1,537,871,99.7,46.8,73.44,50.3,41.71,-1,1206.7
861,2015/11/18,385,61.2,-1,-1,519,879,99.75,46.5,73.23,49.7,41.95,-1,1204.6
862,2015/11/19,380,61,-1,-1,504,883,99.06,45.3,72.94,49.2,41.72,-1,1203.8
863,2015/11/20,380,60.9,213.48,292.85,498,887,99.62,45.3,72.72,48.5,41.9,119.6,1203.8
864,2015/11/21,378.3,60.9,-1,-1,-1,-1,-1,-1,-1,-1,-1,-1,-1
865,2015/11/22,376.7,60.9,-1,-1,-1,-1,-1,-1,-1,-1,-1,-1,-1
866,2015/11/23,375,60.7,-1,-1,516,888,99.86,44.75,72.46,48.5,41.75,-1,1193
867,2015/11/24,375,60.5,-1,-1,528,890,99.59,44,72.18,48.2,42.87,-1,1187.5
868,2015/11/25,375,60.5,-1,-1,546,891,99.83,44.2,71.97,47.7,43.04,-1,1185.6
869,2015/11/26,370,60.5,-1,-1,562,-1,99.83,44.2,71.85,47.1,-1,-1,1174.5
870,2015/11/27,370,60.5,-1,-1,581,904,100.07,44.05,71.76,47.1,41.71,118.7,1171
871,2015/11/28,370,60.5,-1,-1,-1,-1,-1,-1,-1,-1,-1,-1,-1
872,2015/11/29,370,60.5,-1,-1,-1,-1,-1,-1,-1,-1,-1,-1,-1
873,2015/11/30,370,60.4,206.75,296.14,584,907,100.21,42.5,71.42,46.5,41.65,-1,1169.8
874,2015/12/1,365,60.4,-1,-1,598,926,99.84,40.5,71.14,45.8,41.85,-1,1154.4
875,2015/12/2,355,60.3,-1,-1,590,953,100.02,40.7,70.89,45.1,39.94,-1,1132.1
876,2015/12/3,350,60.3,-1,-1,574,962,97.63,40.5,70.71,44.4,41.08,-1,1130.9
877,2015/12/4,345,60.2,-1,-1,563,962,98.34,39.6,70.52,43.8,39.97,-1,1129
878,2015/12/5,341.7,60.2,-1,-1,-1,-1,-1,-1,-1,-1,-1,117.3,-1
879,2015/12/6,338.3,60.2,-1,-1,-1,-1,-1,-1,-1,-1,-1,-1,-1
880,2015/12/7,335,60.1,-1,-1,551,962,98.67,39.5,70.31,43.4,37.65,-1,1117.1
881,2015/12/8,335,59.9,-1,-1,551,956,98.47,39.3,70.16,43.4,37.51,-1,1115.9
882,2015/12/9,335,59.8,-1,-1,546,943,97.33,39.2,70,42.8,37.16,-1,1115.3
883,2015/12/10,330,59.8,208.43,303.83,534,920,97.96,38.6,69.91,42.7,36.76,-1,1115.3
884,2015/12/11,330,59.8,-1,-1,522,920,97.55,38.6,69.82,42.4,37.25,115.7,1115.3
885,2015/12/12,330,59.8,-1,-1,-1,-1,-1,-1,-1,-1,-1,-1,-1
886,2015/12/13,330,59.8,-1,-1,-1,-1,-1,-1,-1,-1,-1,-1,-1
887,2015/12/14,330,59.6,-1,-1,508,904,97.47,39.05,69.67,42.1,37.6,-1,1103.3
888,2015/12/15,330,59.6,-1,-1,484,897,98.29,38.5,69.73,41.8,38.51,-1,1101.5
889,2015/12/16,330,59.5,-1,-1,471,898,97.88,39.15,69.86,42.2,36.75,-1,1089.5
890,2015/12/17,330,59.5,-1,-1,471,897,99.32,39.35,70.12,42.1,36.27,-1,1088.4
891,2015/12/18,330,59.4,-1,-1,477,897,98.73,40.05,70.42,42.1,36.06,-1,1088.4
892,2015/12/19,334.3,59.4,-1,-1,-1,-1,-1,-1,-1,-1,-1,116.3,-1
893,2015/12/20,338.7,59.4,207.79,301.13,-1,-1,-1,-1,-1,-1,-1,-1,-1
894,2015/12/21,343,59.4,-1,-1,478,889,98.37,40.55,71.08,43,35.81,-1,1087.8
895,2015/12/22,345,59.4,-1,-1,474,879,98.24,40.75,71.54,43.5,36.14,-1,1077.6
896,2015/12/23,345,59.3,-1,-1,475,873,98.37,40.3,71.69,44.1,37.5,-1,1074.4
897,2015/12/24,345,59.3,-1,-1,478,869,98.02,40.3,71.72,44.2,38.1,-1,1074.4
898,2015/12/25,350,59.3,-1,-1,-1,-1,-1,-1,71.82,44.6,-1,-1,1074.4
899,2015/12/26,351.7,59.3,-1,-1,-1,-1,-1,-1,-1,-1,-1,117,-1
900,2015/12/27,353.3,59.3,-1,-1,-1,-1,-1,-1,-1,-1,-1,-1,-1
901,2015/12/28,355,59.2,-1,-1,-1,-1,97.95,41.45,71.86,44.5,36.81,-1,1074.4
902,2015/12/29,355,59.2,-1,-1,-1,-1,98.17,42.75,72.05,44.4,37.87,-1,1074.4
903,2015/12/30,358,59.2,-1,-1,-1,-1,98.35,43.05,72.61,45.4,36.6,-1,1074.4
904,2015/12/31,365,59.2,201.45,297.58,-1,-1,98.75,43.25,73.03,45.6,37.04,-1,1074.4
905,2016/1/1,365,59.2,-1,-1,-1,-1,-1,-1,-1,-1,-1,-1,-1
906,2016/1/2,365,59.2,-1,-1,-1,-1,-1,-1,-1,-1,-1,117.7,-1
907,2016/1/3,365,59.2,-1,-1,-1,-1,-1,-1,-1,-1,-1,-1,-1
908,2016/1/4,365,59.4,-1,-1,473,1065,98.97,42.7,74.54,46.9,36.76,-1,1076
909,2016/1/5,375,59.4,-1,-1,468,1057,99.5,42.65,74.97,47.5,35.97,-1,1076
910,2016/1/6,373,59.4,-1,-1,467,1051,99.27,42.25,74.97,47.5,33.97,-1,1080.9
911,2016/1/7,373,59.4,-1,-1,445,1043,98.27,41.7,74.78,47.4,33.27,-1,1084.2
912,2016/1/8,368,59.4,-1,-1,429,1016,98.6,41.5,74.56,47.2,33.16,118.9,1084.2
913,2016/1/9,368,59.4,-1,-1,-1,-1,-1,-1,-1,-1,-1,-1,-1
914,2016/1/10,368,59.4,205.44,293.76,-1,-1,-1,-1,-1,-1,-1,-1,-1
915,2016/1/11,368,58.9,-1,-1,415,988,98.78,41.05,74.21,46.8,32.52,-1,1089.3
916,2016/1/12,368,58.9,-1,-1,402,957,99.02,39.85,73.93,46.6,31.52,-1,1112.9
917,2016/1/13,350,58.9,-1,-1,394,929,98.98,39.5,73.7,46.4,31.39,-1,1112.9
918,2016/1/14,350,58.9,-1,-1,383,906,99.16,39.25,73.59,45.4,32.11,-1,1112.9
919,2016/1/15,350,58.8,-1,-1,373,897,99.02,41,73.7,45.1,30.39,118.6,1112.9
920,2016/1/16,355,58.8,-1,-1,-1,-1,-1,-1,-1,-1,-1,-1,-1
921,2016/1/17,360,58.8,-1,-1,-1,-1,-1,-1,-1,-1,-1,-1,-1
922,2016/1/18,365,59.5,-1,-1,369,882,99.02,42.65,74.24,45.7,-1,-1,1112.9
923,2016/1/19,370,59.5,-1,-1,363,882,99.04,42.75,74.51,46.1,29.57,-1,1112.9
924,2016/1/20,370,59.4,201.21,286.82,358,876,99.17,41.3,74.49,46,28.35,-1,1112.9
925,2016/1/21,370,59.5,-1,-1,355,870,99.13,41.1,74.35,46,29.53,-1,1112.9
926,2016/1/22,370,59.4,-1,-1,354,859,99.65,41.6,74.18,45.8,32.19,119.1,1112.9
927,2016/1/23,370,59.4,-1,-1,-1,-1,-1,-1,-1,-1,-1,-1,-1
928,2016/1/24,370,59.4,-1,-1,-1,-1,-1,-1,-1,-1,-1,-1,-1
929,2016/1/25,370,59.3,-1,-1,354,838,99.41,41.6,74.06,45.7,30.34,-1,1112.9
930,2016/1/26,370,59.3,-1,-1,345,820,99.13,41.5,74.04,45.7,31.45,-1,1110.7
931,2016/1/27,375,59.3,-1,-1,337,812,98.95,42.6,74,45.7,32.3,-1,1101.4
932,2016/1/28,380,59.1,-1,-1,325,806,98.54,42.6,74,45.7,33.22,-1,1101.4
933,2016/1/29,390,59.1,-1,-1,317,817,99.65,42.4,73.99,45.8,33.62,118.2,1101.4
934,2016/1/30,393.3,59.1,-1,-1,-1,-1,-1,-1,-1,-1,-1,-1,-1
935,2016/1/31,396.7,59.1,199.71,292.32,-1,-1,-1,-1,-1,-1,-1,-1,-1
936,2016/2/1,400,59.2,-1,-1,314,815,99.03,43.35,73.96,45.8,31.62,-1,1101.4
937,2016/2/2,400,59.2,-1,-1,310,808,98.89,44,73.96,45.9,29.88,-1,1101.4
938,2016/2/3,395,59.2,-1,-1,303,802,97.3,44.75,73.96,45.9,32.28,-1,1101.4
939,2016/2/4,395,59.2,-1,-1,298,800,96.49,46,73.96,45.9,31.72,-1,1101.4
940,2016/2/5,395,59.2,-1,-1,297,795,97.05,45.5,73.96,46.8,30.89,-1,1101.4
941,2016/2/6,395,59.2,-1,-1,-1,-1,-1,-1,-1,46.8,-1,-1,-1
942,2016/2/7,395,59.2,-1,-1,-1,-1,-1,-1,-1,-1,-1,-1,-1
943,2016/2/8,395,59.2,-1,-1,293,791,96.58,-1,-1,-1,29.69,-1,-1
944,2016/2/9,395,59.2,-1,-1,291,787,96.09,-1,-1,-1,27.94,-1,-1
945,2016/2/10,395,59.2,206.13,276.07,290,793,95.94,44.2,-1,-1,27.45,-1,-1
946,2016/2/11,395,59.2,-1,-1,290,813,95.62,44,-1,-1,28.83,-1,-1
947,2016/2/12,395,59.2,-1,-1,291,819,95.98,42.9,-1,-1,31.91,118.6,-1
948,2016/2/13,395,59.2,-1,-1,-1,-1,-1,-1,-1,-1,-1,-1,-1
949,2016/2/14,395,59.2,-1,-1,-1,-1,-1,-1,73.96,46.8,-1,-1,1101.4
950,2016/2/15,405,59.3,-1,-1,295,816,95.98,46.3,74.08,46.8,-1,-1,1101.4
951,2016/2/16,405,59.3,-1,-1,301,809,96.88,46.3,74.3,47.6,30.97,-1,1101.4
952,2016/2/17,410,59.4,-1,-1,307,807,96.8,46.5,74.68,48.4,32.98,-1,1101.4
953,2016/2/18,410,59.4,-1,-1,313,806,96.96,47.15,75.14,48.6,32.93,-1,1101.4
954,2016/2/19,420,59.5,-1,-1,315,799,96.6,48.2,75.4,48.6,31.75,119.3,1101.4
955,2016/2/20,425,59.5,205.88,280.71,-1,-1,-1,-1,-1,-1,-1,-1,-1
956,2016/2/21,430,59.5,-1,-1,-1,-1,-1,-1,-1,-1,-1,-1,-1
957,2016/2/22,435,59.8,-1,-1,316,788,97.39,51.2,76.59,49.6,33.39,-1,-1
958,2016/2/23,435,59.9,-1,-1,318,779,97.48,50,77.15,51.9,31.87,-1,1148.4
959,2016/2/24,430,60,-1,-1,322,767,97.46,49.9,77.23,51.9,32.15,-1,1163
960,2016/2/25,430,60,-1,-1,325,751,97.28,49.55,77.23,51.4,33.07,-1,1163
961,2016/2/26,430,60,-1,-1,327,740,98.17,49.1,77.19,51.2,32.78,120.7,1163
962,2016/2/27,430,60,-1,-1,-1,-1,-1,-1,-1,-1,-1,-1,-1
963,2016/2/28,430,60,-1,-1,-1,-1,-1,-1,-1,-1,-1,-1,-1
964,2016/2/29,430,59.9,211.4,305.59,329,730,98.22,49.3,77.1,50.8,33.75,-1,1163
965,2016/3/1,440,60.2,-1,-1,332,722,98.36,51.05,77.49,50.5,34.4,-1,1164.1
966,2016/3/2,445,60.3,-1,-1,335,717,98.22,52.6,78.36,51.5,34.66,-1,1164.1
967,2016/3/3,450,60.5,-1,-1,-1,715,97.6,51.3,79.21,52.2,34.57,-1,1164.1
968,2016/3/4,450,60.6,-1,-1,349,720,97.34,53.5,79.8,52.9,35.92,122.3,1164.1
969,2016/3/5,483.3,60.6,-1,-1,-1,-1,-1,-1,-1,-1,-1,-1,-1
970,2016/3/6,516.7,60.6,-1,-1,-1,-1,-1,-1,-1,-1,-1,-1,-1
971,2016/3/7,550,62.7,-1,-1,354,738,97.08,64.2,89.43,55,37.9,-1,1165.8
972,2016/3/8,580,64.7,-1,-1,366,756,97.21,62,94.28,65.9,36.5,-1,1226.8
973,2016/3/9,560,65.4,-1,-1,376,771,97.16,57.5,92.88,66.6,40.07,-1,1228.4
974,2016/3/10,540,65.3,207.61,274.07,384,794,96.06,57.35,92.05,63.9,39.4,-1,1230.8
975,2016/3/11,530,65.5,-1,-1,388,833,96.17,56.2,91.22,61.4,40.09,129.3,1230.8
976,2016/3/12,530,65.5,-1,-1,-1,-1,-1,-1,-1,-1,-1,-1,-1
977,2016/3/13,530,65.5,-1,-1,-1,-1,-1,-1,-1,-1,-1,-1,-1
978,2016/3/14,530,65.2,-1,-1,393,861,96.52,55,88.95,60.1,38.84,-1,1221.5
979,2016/3/15,500,65,-1,-1,396,870,96.67,52.1,87.9,60.3,38.08,-1,1221.5
980,2016/3/16,500,64.7,-1,-1,393,865,95.92,53.2,86.34,56.6,40,-1,1212.7
981,2016/3/17,520,64.6,-1,-1,392,872,94.8,56,86.5,56,41.66,-1,1207.6
982,2016/3/18,520,64.7,-1,-1,395,866,95.12,57,88.34,57.7,41.14,129.4,1203.6
983,2016/3/19,523.3,64.7,-1,-1,-1,-1,-1,-1,-1,-1,-1,-1,-1
984,2016/3/20,526.7,64.7,216.44,291.72,-1,-1,-1,-1,-1,-1,-1,-1,-1
985,2016/3/21,530,65.1,-1,-1,398,848,95.3,58.5,89.56,59,41.52,-1,1203.6
986,2016/3/22,530,65.5,-1,-1,398,819,95.64,58,90,59.8,41.45,-1,1229.5
987,2016/3/23,525,65.5,-1,-1,401,803,96.06,56.75,90.26,59.8,39.79,-1,1229.5
988,2016/3/24,515,65.5,-1,-1,406,809,96.17,55.5,90.26,59.4,39.46,-1,1234.7
989,2016/3/25,515,65.5,-1,-1,-1,-1,-1,-1,90.11,58.9,-1,130.9,1237.1
990,2016/3/26,513.3,65.5,-1,-1,-1,-1,-1,-1,-1,-1,-1,-1,-1
991,2016/3/27,511.7,65.5,-1,-1,-1,-1,-1,-1,-1,-1,-1,-1,-1
992,2016/3/28,510,65.1,-1,-1,-1,-1,95.94,56.1,91.15,57.7,39.39,-1,1241.2
993,2016/3/29,500,65.3,-1,-1,409,-1,95.15,54.25,91.27,57.6,38.28,-1,1263.4
994,2016/3/30,500,65.4,-1,-1,414,818,94.82,54.1,91.15,56.3,38.32,-1,1265.2
995,2016/3/31,510,65.5,212.3,296.27,429,840,94.58,54.1,91.13,56.3,38.34,-1,1265.2
996,2016/4/1,510,65.5,-1,-1,450,833,94.62,55.1,91.73,56.3,36.79,133.3,1272.5
997,2016/4/2,512.5,65.5,-1,-1,-1,-1,-1,-1,-1,-1,-1,-1,-1
998,2016/4/3,515,65.5,-1,-1,-1,-1,-1,-1,-1,-1,-1,-1,-1
999,2016/4/4,517.5,65.5,-1,-1,471,808,94.52,-1,-1,-1,35.7,-1,-1
1000,2016/4/5,520,65.9,-1,-1,487,786,94.64,54.7,93.23,56.3,35.89,-1,1275.1
1001,2016/4/6,520,65.9,-1,-1,500,774,94.44,54.65,93.87,56.4,37.75,-1,1299.4
1002,2016/4/7,520,66,-1,-1,517,752,94.5,54.3,94.44,56.2,37.26,-1,1302.3
1003,2016/4/8,520,66.2,-1,-1,539,752,94.25,53.6,95.16,56.5,39.72,137.4,1308.6
1004,2016/4/9,523.3,66.2,-1,-1,-1,-1,-1,-1,-1,-1,-1,-1,-1
1005,2016/4/10,526.7,66.2,226.21,299.98,-1,-1,-1,-1,-1,-1,-1,-1,-1
1006,2016/4/11,530,67.2,-1,-1,555,755,93.94,56.5,98.79,57,41.75,-1,1337.2
1007,2016/4/12,545,68,-1,-1,560,764,93.94,59.5,100.91,58.2,43.5,-1,-1
1008,2016/4/13,560,69.1,-1,-1,567,782,94.76,60,102.48,59.4,43.01,-1,1347.6
1009,2016/4/14,560,69.7,-1,-1,597,788,94.91,58.75,103.09,61.7,42.67,-1,1344.6
1010,2016/4/15,550,69.7,-1,-1,635,793,94.69,58.3,102.77,61.7,41.71,144.4,1396.2
1011,2016/4/16,553.3,69.7,-1,-1,-1,-1,-1,-1,-1,-1,-1,-1,-1
1012,2016/4/17,556.7,69.7,-1,-1,-1,-1,-1,-1,-1,-1,-1,-1,-1
1013,2016/4/18,560,70.1,-1,-1,659,790,94.46,60.55,104.11,61.2,41.19,-1,1414.6
1014,2016/4/19,570,71.1,-1,-1,671,787,93.95,62.6,106.17,62.3,42.47,-1,1442.3
1015,2016/4/20,580,72.4,227.99,314.02,669,777,94.47,65.35,109.71,63.5,44.18,-1,1448.2
1016,2016/4/21,610,73.8,-1,-1,670,770,94.57,70.5,113.52,66.9,43.18,-1,1503.6
1017,2016/4/22,620,76.6,-1,-1,688,775,95.08,65.85,113.83,70,43.73,153.5,1522.1
1018,2016/4/23,616.7,76.6,-1,-1,-1,-1,-1,-1,-1,-1,-1,-1,-1
1019,2016/4/24,613.3,76.6,-1,-1,-1,-1,-1,-1,-1,-1,-1,-1,-1
1020,2016/4/25,610,77,-1,-1,690,778,94.8,65.6,113.95,70,42.64,-1,1627.5
1021,2016/4/26,610,77.5,-1,-1,704,774,94.54,61.65,112.73,68.4,44.04,-1,1633.3
1022,2016/4/27,580,77.4,-1,-1,715,749,94.37,61,110.89,66.7,45.33,-1,1639.5
1023,2016/4/28,585,77.1,-1,-1,710,740,93.73,63.5,110.45,64,46.03,-1,1595.1
1024,2016/4/29,590,77.1,-1,-1,703,730,93.05,65.85,111.54,65.9,45.92,155.7,1592.8
1025,2016/4/30,590,77.1,231.84,325.41,-1,-1,-1,-1,-1,-1,-1,-1,-1
1026,2016/5/1,590,77.1,-1,-1,-1,-1,-1,-1,-1,-1,-1,-1,-1
1027,2016/5/2,590,77.1,-1,-1,-1,-1,92.62,-1,-1,-1,44.78,-1,-1
1028,2016/5/3,590,77.2,-1,-1,682,717,92.93,63.85,110.67,67.4,43.65,-1,1632.3
1029,2016/5/4,585,77.1,-1,-1,652,716,93.19,61.5,109.11,67,43.78,-1,1632.3
1030,2016/5/5,580,76.7,-1,-1,642,713,93.78,60.2,107.66,64.9,44.32,-1,1628.4
1031,2016/5/6,565,76.3,-1,-1,631,715,93.88,58.35,105.68,63.6,44.66,157.6,1629.6
1032,2016/5/7,558.3,76.3,-1,-1,-1,-1,-1,-1,-1,-1,-1,-1,-1
1033,2016/5/8,551.7,76.3,-1,-1,-1,-1,-1,-1,-1,-1,-1,-1,-1
1034,2016/5/9,545,75.2,-1,-1,616,715,94.11,54.85,101.64,62.7,43.44,-1,1578.7
1035,2016/5/10,535,74.3,230.03,319.75,594,735,94.27,56.1,98.12,59.8,44.66,-1,1550
1036,2016/5/11,530,73.9,-1,-1,579,735,93.79,56.25,98.17,58.1,47.01,-1,1493
1037,2016/5/12,530,75.5,-1,-1,579,732,94.13,55.45,98.46,58.1,47.45,-1,1491.5
1038,2016/5/13,525,74.8,-1,-1,600,732,94.59,53.45,96.36,58.1,46.9,153.7,1490.2
1039,2016/5/14,523.3,74.8,-1,-1,-1,-1,-1,-1,-1,-1,-1,-1,-1
1040,2016/5/15,521.7,74.8,-1,-1,-1,-1,-1,-1,-1,-1,-1,-1,-1
1041,2016/5/16,520,74.3,-1,-1,613,734,94.55,54.4,95.07,56.7,48.42,-1,1486.9
1042,2016/5/17,530,73.8,-1,-1,643,736,94.53,57.45,94.53,55.8,48.99,-1,1486.9
1043,2016/5/18,530,73.5,-1,-1,642,740,95.06,57,94.92,56.8,48.78,-1,1486.9
1044,2016/5/19,530,73.2,-1,-1,634,747,95.29,55,94.71,56.7,48.67,-1,1445.1
1045,2016/5/20,530,72.7,234.76,319.98,625,744,95.34,54.25,93.91,56.1,48.41,152.3,1429.4
1046,2016/5/21,516.7,72.7,-1,-1,-1,-1,-1,-1,-1,-1,-1,-1,-1
1047,2016/5/22,503.3,72.7,-1,-1,-1,-1,-1,-1,-1,-1,-1,-1,-1
1048,2016/5/23,490,71.8,-1,-1,624,731,95.22,52.1,91.67,55.8,48.08,-1,1418.9
1049,2016/5/24,485,71.1,-1,-1,618,716,95.58,51.65,90.23,53.3,48.62,-1,1405.6
1050,2016/5/25,485,70.7,-1,-1,605,723,95.34,50.5,89.83,52.3,49.56,-1,1351.5
1051,2016/5/26,480,70.2,-1,-1,601,728,95.16,50,89.2,52.3,49.48,-1,1345.1
1052,2016/5/27,480,69.8,-1,-1,606,735,95.5,51.8,89.23,51.6,49.33,150.3,1343.5
1053,2016/5/28,480,69.8,-1,-1,-1,-1,-1,-1,-1,-1,-1,-1,-1
1054,2016/5/29,480,69.7,-1,-1,-1,-1,-1,-1,-1,-1,-1,-1,-1
1055,2016/5/30,480,69.4,-1,-1,-1,-1,95.5,50.2,88.87,51.6,-1,-1,1343.5
1056,2016/5/31,475,69,238.54,331.72,612,753,95.88,49.9,88.54,50.6,49.1,149.3,1342.3
