jkk_date,jkk_jizhunjia,jkk_chebanjia
2016/7/25,440,435-445
2016/7/25,545,540-550
2016/7/28,455,450-460
2016/7/28,455,450-460
2016/7/26,444,439-449
2016/7/25,430,425-435
2016/7/28,560,555-565
2016/7/28,565,560-570
2016/7/27,450,445-455
2016/7/26,545,540-550
2016/7/25,535,530-540
2016/8/1,460,455-465
2016/7/28,445,440-450
2016/7/28,445,440-450
2016/7/27,550,545-555
2016/7/29,455,450-460
2016/7/19,435,430-440
2016/7/26,430,425-435
2016/7/25,420,415-425
2016/8/1,570,565-575
2016/7/28,550,545-555
2016/7/28,435,430-440
2016/7/28,555,550-560
2016/7/27,440,435-445
2016/7/29,565,560-570
2016/7/19,550,545-555
2016/7/1,425,420-430
2016/7/26,535,530-540
2016/7/25,420,415-425
2016/7/25,360,355-365
2016/8/1,450,445-455
2016/7/28,430,425-435
2016/7/28,385,380-390
2016/7/28,435,430-440
2016/7/28,430,425-435
2016/7/27,545,540-550
2016/7/27,430,425-435
2016/7/29,445,440-450
2016/7/29,555,550-560
2016/7/4,430,425-435
2016/7/5,430,425-435
2016/7/19,425,420-430
2016/7/19,540,535-545
2016/7/20,425,420-430
2016/7/1,540,535-545
2016/7/1,415,410-420
2016/7/26,420,415-425
2016/7/26,420,415-425
2016/7/25,355,350-360
2016/8/1,560,555-565
2016/7/28,370,365-375
2016/7/28,375,370-380
2016/7/28,383,378-388
2016/7/28,370,365-375
2016/7/27,430,425-435
2016/7/27,380,375-385
2016/7/29,435,430-440
2016/7/29,430,425-435
2016/7/4,540,535-545
2016/7/4,420,415-425
2016/7/5,540,535-545
2016/7/5,420,415-425
2016/7/19,415,410-420
2016/7/20,540,535-545
2016/7/20,415,410-420
2016/7/6,427,422-432
2016/7/1,525,520-530
2016/7/1,400,395-405
2016/7/7,440,435-445
2016/7/26,370,365-375
2016/7/26,360,355-365
2016/7/25,360,355-365
2016/7/25,340,335-345
2016/8/1,440,435-445
2016/8/1,435,430-440
2016/7/28,360,355-365
2016/7/28,375,370-380
2016/7/28,360,355-365
2016/7/27,365,360-370
2016/7/27,370,365-375
2016/7/29,383,378-388
2016/7/29,370,365-375
2016/7/4,530,525-535
2016/7/5,530,525-535
2016/7/5,410,405-415
2016/7/19,415,410-420
2016/7/8,440,435-445
2016/7/20,530,525-535
2016/7/6,540,535-545
2016/7/1,395,390-400
2016/7/7,540,535-545
2016/7/26,365,360-370
2016/7/11,440,435-445
2016/7/25,335,330-340
2016/8/1,388,383-393
2016/8/1,375,370-380
2016/7/28,355,350-360
2016/7/28,510,505-515
2016/7/28,355,350-360
2016/7/27,355,350-360
2016/7/29,375,370-380
2016/7/4,410,405-415
2016/7/5,405,400-410
2016/7/5,365,360-370
2016/7/19,360,355-365
2016/7/19,355,350-360
2016/7/8,540,535-545
2016/7/8,425,420-430
2016/7/20,405,400-410
2016/7/20,405,400-410
2016/7/6,417,412-422
2016/7/6,530,525-535
2016/7/12,450,445-455
2016/7/1,365,360-370
2016/7/13,460,455-465
2016/7/7,425,420-430
2016/7/26,350,345-355
2016/7/26,345,340-350
2016/7/11,540,535-545
2016/7/25,495,490-500
2016/7/25,510,505-515
2016/8/1,380,375-385
2016/8/1,365,360-370
2016/7/28,520,515-525
2016/7/28,510,505-515
2016/7/28,520,515-525
2016/7/27,350,345-355
2016/7/29,360,355-365
2016/7/4,405,400-410
2016/7/5,365,360-370
2016/7/19,370,365-375
2016/7/8,530,525-535
2016/7/20,355,350-360
2016/7/13,460,455-465
2016/7/6,410,405-415
2016/7/12,550,545-555
2016/7/1,365,360-370
2016/7/1,345,340-350
2016/7/13,565,560-570
2016/7/7,530,525-535
2016/7/26,495,490-500
2016/7/11,425,420-430
2016/7/25,445,440-450
2016/7/25,440,435-445
2016/8/1,360,355-365
2016/7/28,465,460-470
2016/7/28,455,450-460
2016/7/28,465,460-470
2016/7/27,505,500-510
2016/7/29,355,350-360
2016/7/4,365,360-370
2016/7/5,345,340-350
2016/7/19,345,340-350
2016/7/8,415,410-420
2016/7/8,410,405-415
2016/7/15,450,445-455
2016/7/20,350,345-355
2016/7/13,565,560-570
2016/7/6,405,400-410
2016/7/6,365,360-370
2016/7/14,455,450-460
2016/7/12,435,430-440
2016/7/1,330,325-335
2016/7/13,445,440-450
2016/7/13,555,550-560
2016/7/7,415,410-420
2016/7/7,410,405-415
2016/7/26,510,505-515
2016/7/26,450,445-455
2016/7/11,530,525-535
2016/7/11,415,410-420
2016/7/25,390,385-395
2016/8/1,515,510-520
2016/7/28,395,390-400
2016/7/28,455,450-460
2016/7/27,520,515-525
2016/7/29,510,505-515
2016/7/4,365,360-370
2016/7/5,340,335-345
2016/7/19,340,335-345
2016/7/8,365,360-370
2016/7/15,560,555-565
2016/7/20,365,360-370
2016/7/18,440,435-445
2016/7/13,445,440-450
2016/7/6,365,360-370
2016/7/14,560,555-565
2016/7/12,540,535-545
2016/7/1,320,315-325
2016/7/13,435,430-440
2016/7/7,365,360-370
2016/7/26,440,435-445
2016/7/11,410,405-415
2016/7/25,375,370-380
2016/8/1,525,520-530
2016/7/28,380,375-385
2016/7/28,400,395-405
2016/7/27,460,455-465
2016/7/29,520,515-525
2016/7/4,345,340-350
2016/7/4,335,330-340
2016/6/7,385,380-390
2016/7/5,325,320-330
2016/7/19,490,485-495
2016/6/17,390,385-395
2016/7/8,355,350-360
2016/6/16,390,385-395
2016/7/15,435,430-440
2016/7/20,340,335-345
2016/7/18,550,545-555
2016/7/13,555,550-560
2016/7/13,435,430-440
2016/7/6,345,340-350
2016/7/14,440,435-445
2016/7/14,550,545-555
2016/7/12,425,420-430
2016/7/1,465,460-470
2016/7/1,500,495-505
2016/7/13,430,425-435
2016/7/13,380,375-385
2016/7/7,365,360-370
2016/7/7,345,340-350
2016/7/26,390,385-395
2016/7/26,375,370-380
2016/7/11,365,360-370
2016/7/25,365,360-370
2016/8/1,470,465-475
2016/8/1,460,455-465
2016/7/28,370,365-375
2016/7/28,360,355-365
2016/7/28,380,375-385
2016/7/27,450,445-455
2016/7/27,395,390-400
2016/7/29,465,460-470
2016/7/29,455,450-460
2016/7/4,325,320-330
2016/7/4,485,480-490
2016/6/7,490,485-495
2016/6/7,375,370-380
2016/7/5,485,480-490
2016/7/5,510,505-515
2016/6/8,385,380-390
2016/7/19,515,510-520
2016/7/19,445,440-450
2016/5/31,370,365-375
2016/6/17,510,505-515
2016/6/17,380,375-385
2016/7/8,345,340-350
2016/7/8,340,335-345
2016/6/16,510,505-515
2016/7/15,550,545-555
2016/7/15,425,420-430
2016/7/20,335,330-340
2016/7/20,480,475-485
2016/7/18,428,423-433
2016/7/13,430,425-435
2016/7/13,370,365-375
2016/7/6,340,335-345
2016/7/6,325,320-330
2016/7/14,430,425-435
2016/7/12,420,415-425
2016/7/12,370,365-375
2016/7/12,360,355-365
2016/7/1,440,435-445
2016/7/13,375,370-380
2016/7/13,385,380-390
2016/7/7,340,335-345
2016/7/26,365,360-370
2016/7/26,355,350-360
2016/7/11,355,350-360
2016/7/11,345,340-350
2016/7/25,355,350-360
2016/8/1,405,400-410
2016/8/1,385,380-390
2016/7/28,350,345-355
2016/7/28,370,365-375
2016/7/27,380,375-385
2016/7/27,370,365-375
2016/7/29,400,395-405
2016/7/4,510,505-515
2016/6/7,480,475-485
2016/6/7,365,360-370
2016/6/3,367,362-372
2016/6/1,367,362-372
2016/7/5,445,440-450
2016/6/8,490,485-495
2016/6/8,375,370-380
2016/6/2,367,362-372
2016/7/19,435,430-440
2016/7/19,385,380-390
2016/5/31,490,485-495
2016/5/31,360,355-365
2016/6/17,500,495-505
2016/6/17,365,360-370
2016/7/8,325,320-330
2016/7/8,485,480-490
2016/6/16,380,375-385
2016/7/15,425,420-430
2016/7/15,370,365-375
2016/7/20,505,500-510
2016/7/20,440,435-445
2016/7/18,540,535-545
2016/7/13,375,370-380
2016/7/13,385,380-390
2016/7/6,480,475-485
2016/7/6,510,505-515
2016/7/14,425,420-430
2016/7/14,370,365-375
2016/7/12,365,360-370
2016/7/12,345,340-350
2016/7/1,425,420-430
2016/7/1,370,365-375
2016/7/13,365,360-370
2016/7/13,355,350-360
2016/7/7,325,320-330
2016/7/26,345,340-350
2016/7/26,335,330-340
2016/7/11,340,335-345
2016/7/11,325,320-330
2016/7/25,345,340-350
2016/8/1,375,370-380
2016/8/1,365,360-370
2016/7/28,340,335-345
2016/7/28,330,325-335
2016/7/28,360,355-365
2016/7/27,360,355-365
2016/7/27,350,345-355
2016/7/29,380,375-385
2016/7/4,445,440-450
2016/6/7,365,360-370
2016/6/3,485,480-490
2016/6/1,485,480-490
2016/6/6,380,375-385
2016/7/5,430,425-435
2016/6/8,480,475-485
2016/6/2,485,480-490
2016/7/19,385,380-390
2016/5/31,475,470-480
2016/6/17,365,360-370
2016/7/8,510,505-515
2016/7/8,445,440-450
2016/6/16,500,495-505
2016/7/15,370,365-375
2016/7/20,430,425-435
2016/7/18,420,415-425
2016/7/13,365,360-370
2016/7/6,445,440-450
2016/7/14,375,370-380
2016/7/12,340,335-345
2016/7/1,360,355-365
2016/7/13,510,505-515
2016/7/13,530,525-535
2016/7/7,485,480-490
2016/7/26,325,320-330
2016/7/11,485,480-490
2016/7/25,335,330-340
2016/8/1,355,350-360
2016/8/1,345,340-350
2016/7/28,320,315-325
2016/7/28,350,345-355
2016/7/27,340,335-345
2016/7/27,330,325-335
2016/7/29,370,365-375
2016/7/4,430,425-435
2016/6/7,350,345-355
2016/6/7,345,340-350
2016/6/3,357,352-362
2016/6/1,357,352-362
2016/6/6,485,480-490
2016/7/5,380,375-385
2016/6/8,365,360-370
2016/6/8,365,360-370
2016/6/2,357,352-362
2016/7/19,375,370-380
2016/5/31,350,345-355
2016/6/17,340,335-345
2016/7/8,430,425-435
2016/6/16,365,360-370
2016/7/15,380,375-385
2016/7/20,380,375-385
2016/7/18,420,415-425
2016/7/13,355,350-360
2016/7/6,430,425-435
2016/7/6,375,370-380
2016/7/14,385,380-390
2016/7/12,490,485-495
2016/7/1,350,345-355
2016/7/13,460,455-465
2016/7/7,510,505-515
2016/7/7,445,440-450
2016/7/26,315,310-320
2016/7/11,510,505-515
2016/7/11,445,440-450
2016/7/25,325,320-330
2016/8/1,335,330-340
2016/7/28,340,335-345
2016/7/27,320,315-325
2016/7/29,360,355-365
2016/7/4,380,375-385
2016/6/7,310,305-315
2016/6/3,475,470-480
2016/6/3,347,342-352
2016/6/15,388,383-393
2016/6/1,475,470-480
2016/6/12,385,380-390
2016/6/6,370,365-375
2016/7/5,360,355-365
2016/6/8,350,345-355
2016/6/8,345,340-350
2016/6/2,475,470-480
2016/7/19,365,360-370
2016/5/31,350,345-355
2016/6/17,340,335-345
2016/6/17,310,305-315
2016/7/8,375,370-380
2016/6/16,365,360-370
2016/6/16,340,335-345
2016/7/15,360,355-365
2016/7/20,380,375-385
2016/7/20,370,365-375
2016/7/18,365,360-370
2016/7/13,510,505-515
2016/7/13,530,525-535
2016/7/6,360,355-365
2016/7/6,350,345-355
2016/7/14,365,360-370
2016/7/12,520,515-525
2016/7/12,455,450-460
2016/7/1,340,335-345
2016/7/1,330,325-335
2016/7/13,455,450-460
2016/7/13,395,390-400
2016/7/7,430,425-435
2016/7/7,375,370-380
2016/7/7,360,355-365
2016/7/11,430,425-435
2016/7/11,375,370-380
2016/7/25,315,310-320
2016/8/1,325,320-330
2016/7/28,330,325-335
2016/7/29,350,345-355
2016/7/29,340,335-345
2016/7/4,360,355-365
2016/7/4,350,345-355
2016/6/7,290,285-295
2016/6/7,285,280-290
2016/6/7,435,430-440
2016/6/3,347,342-352
2016/6/15,505,500-510
2016/6/20,387,382-392
2016/6/14,388,383-393
2016/6/1,347,342-352
2016/6/12,490,485-495
2016/6/6,475,470-480
2016/6/6,360,355-365
2016/6/6,357,352-362
2016/7/5,350,345-355
2016/6/8,310,305-315
2016/6/8,290,285-295
2016/6/2,347,342-352
2016/7/19,355,350-360
2016/5/31,330,325-335
2016/5/31,330,325-335
2016/6/17,295,290-300
2016/7/8,360,355-365
2016/7/8,350,345-355
2016/6/16,340,335-345
2016/6/16,310,305-315
2016/7/15,355,350-360
2016/7/15,505,500-510
2016/7/20,360,355-365
2016/7/20,350,345-355
2016/7/18,365,360-370
2016/7/18,375,370-380
2016/7/13,460,455-465
2016/7/13,455,450-460
2016/7/6,340,335-345
2016/7/14,355,350-360
2016/7/14,505,500-510
2016/7/12,440,435-445
2016/7/12,385,380-390
2016/7/12,380,375-385
2016/7/1,320,315-325
2016/7/13,390,385-395
2016/7/13,380,375-385
2016/7/7,350,345-355
2016/7/11,360,355-365
2016/7/28,320,315-325
2016/7/29,330,325-335
2016/7/29,320,315-325
2016/7/4,340,335-345
2016/7/4,330,325-335
2016/6/7,475,470-480
2016/6/7,395,390-400
2016/6/3,325,320-330
2016/6/15,378,373-383
2016/6/15,500,495-505
2016/6/20,510,505-515
2016/6/20,377,372-382
2016/6/21,387,382-392
2016/6/14,505,500-510
2016/6/14,378,373-383
2016/6/1,347,342-352
2016/6/13,390,385-395
2016/6/12,375,370-380
2016/6/12,480,475-485
2016/6/6,345,340-350
2016/6/6,340,335-345
2016/7/5,340,335-345
2016/7/5,330,325-335
2016/6/8,285,280-290
2016/6/2,347,342-352
2016/6/2,325,320-330
2016/7/19,345,340-350
2016/7/19,335,330-340
2016/5/31,285,280-290
2016/5/31,275,270-280
2016/6/17,285,280-290
2016/6/17,435,430-440
2016/7/8,340,335-345
2016/7/8,330,325-335
2016/6/16,295,290-300
2016/6/16,285,280-290
2016/7/15,525,520-530
2016/7/15,450,445-455
2016/7/20,340,335-345
2016/7/20,330,325-335
2016/7/18,355,350-360
2016/7/18,350,345-355
2016/7/13,395,390-400
2016/7/13,390,385-395
2016/7/6,330,325-335
2016/7/14,525,520-530
2016/7/14,460,455-465
2016/7/12,370,365-375
2016/7/12,360,355-365
2016/7/1,310,305-315
2016/7/1,300,295-305
2016/7/13,370,365-375
2016/7/13,360,355-365
2016/7/7,340,335-345
2016/7/11,350,345-355
2016/7/11,340,335-345
2016/7/4,320,315-325
2016/7/4,310,305-315
2016/7/4,300,295-305
2016/6/7,385,380-390
2016/6/7,335,330-340
2016/6/3,325,320-330
2016/6/3,285,280-290
2016/6/15,358,353-363
2016/6/15,358,353-363
2016/6/20,500,495-505
2016/6/20,362,357-367
2016/6/21,510,505-515
2016/5/23,395,390-400
2016/6/14,500,495-505
2016/6/14,358,353-363
2016/6/1,325,320-330
2016/6/1,325,320-330
2016/6/13,498,493-503
2016/6/13,380,375-385
2016/6/12,365,360-370
2016/6/12,365,360-370
2016/6/6,295,290-300
2016/6/6,285,280-290
2016/7/5,320,315-325
2016/7/5,310,305-315
2016/6/8,435,430-440
2016/6/8,475,470-480
2016/6/2,325,320-330
2016/6/2,285,280-290
2016/7/19,325,320-330
2016/5/31,275,270-280
2016/5/31,425,420-430
2016/6/17,475,470-480
2016/6/17,405,400-410
2016/7/8,320,315-325
2016/7/8,310,305-315
2016/6/16,435,430-440
2016/6/16,475,470-480
2016/7/15,440,435-445
2016/7/15,390,385-395
2016/7/20,320,315-325
2016/7/18,495,490-500
2016/7/18,515,510-520
2016/7/13,380,375-385
2016/7/13,370,365-375
2016/7/13,360,355-365
2016/7/6,320,315-325
2016/7/6,310,305-315
2016/7/14,450,445-455
2016/7/14,395,390-400
2016/7/12,340,335-345
2016/7/12,330,325-335
2016/7/13,350,345-355
2016/7/13,340,335-345
2016/7/7,330,325-335
2016/7/7,320,315-325
2016/7/11,330,325-335
2016/7/11,320,315-325
2016/6/7,375,370-380
2016/6/7,355,350-360
2016/6/3,275,270-280
2016/6/3,275,270-280
2016/6/15,340,335-345
2016/6/15,340,335-345
2016/6/20,362,357-367
2016/6/20,340,335-345
2016/6/21,377,372-382
2016/6/21,500,495-505
2016/5/23,500,495-505
2016/5/23,385,380-390
2016/6/14,358,353-363
2016/6/14,345,340-350
2016/5/16,410,405-415
2016/6/1,285,280-290
2016/6/1,275,270-280
2016/6/13,488,483-493
2016/6/12,350,345-355
2016/6/6,280,275-285
2016/7/5,300,295-305
2016/6/8,395,390-400
2016/6/8,385,380-390
2016/6/2,275,270-280
2016/5/31,490,485-495
2016/5/31,390,385-395
2016/6/17,395,390-400
2016/6/17,345,340-350
2016/6/17,330,325-335
2016/7/8,300,295-305
2016/6/16,405,400-410
2016/6/16,395,390-400
2016/7/15,390,385-395
2016/7/15,380,375-385
2016/7/18,445,440-450
2016/7/18,435,430-440
2016/7/13,350,345-355
2016/7/13,340,335-345
2016/7/6,300,295-305
2016/7/14,390,385-395
2016/7/14,380,375-385
2016/7/12,320,315-325
2016/7/12,310,305-315
2016/7/13,330,325-335
2016/7/7,310,305-315
2016/7/7,300,295-305
2016/7/11,310,305-315
2016/7/11,300,295-305
2016/6/7,345,340-350
2016/6/7,335,330-340
2016/6/3,425,420-430
2016/6/3,470,465-475
2016/6/15,305,300-310
2016/6/15,285,280-290
2016/6/20,340,335-345
2016/6/21,362,357-367
2016/6/21,362,357-367
2016/5/17,425,420-430
2016/5/23,490,485-495
2016/5/23,375,370-380
2016/5/11,435,430-440
2016/6/14,340,335-345
2016/6/14,310,305-315
2016/5/16,530,525-535
2016/6/1,275,270-280
2016/6/13,360,355-365
2016/6/12,345,340-350
2016/6/12,310,305-315
2016/6/6,430,425-435
2016/6/6,470,465-475
2016/6/8,335,330-340
2016/6/2,275,270-280
2016/6/2,425,420-430
2016/5/31,385,380-390
2016/6/17,320,315-325
2016/6/17,310,305-315
2016/6/16,345,340-350
2016/6/16,330,325-335
2016/7/15,370,365-375
2016/7/15,360,355-365
2016/7/18,385,380-390
2016/7/13,330,325-335
2016/7/14,370,365-375
2016/7/14,360,355-365
2016/6/7,325,320-330
2016/6/7,315,310-320
2016/6/3,380,375-385
2016/6/3,370,365-375
2016/6/15,275,270-280
2016/6/20,310,305-315
2016/6/21,340,335-345
2016/6/21,340,335-345
2016/5/17,540,535-545
2016/5/17,415,410-420
2016/5/23,375,370-380
2016/5/11,540,535-545
2016/5/11,425,420-430
2016/6/14,295,290-300
2016/5/12,430,425-435
2016/5/16,400,395-405
2016/5/16,520,515-525
2016/6/1,425,420-430
2016/6/1,470,465-475
2016/6/13,360,355-365
2016/6/13,350,345-355
2016/6/12,290,285-295
2016/6/12,285,280-290
2016/6/6,390,385-395
2016/6/6,380,375-385
2016/6/8,355,350-360
2016/6/8,335,330-340
2016/6/2,470,465-475
2016/6/2,380,375-385
2016/5/31,340,335-345
2016/5/31,380,375-385
2016/6/17,300,295-305
2016/6/17,290,285-295
2016/6/16,320,315-325
2016/6/16,310,305-315
2016/7/15,350,345-355
2016/7/15,340,335-345
2016/7/18,390,385-395
2016/7/18,380,375-385
2016/7/18,370,365-375
2016/7/14,350,345-355
2016/7/14,340,335-345
2016/6/7,305,300-310
2016/6/3,335,330-340
2016/6/15,430,425-435
2016/6/20,295,290-300
2016/6/20,285,280-290
2016/6/20,435,430-440
2016/6/21,310,305-315
2016/5/17,530,525-535
2016/5/17,405,400-410
2016/4/28,500,495-505
2016/5/23,350,345-355
2016/5/23,355,350-360
2016/5/6,470,465-475
2016/5/11,530,525-535
2016/5/11,415,410-420
2016/6/14,285,280-290
2016/6/14,430,425-435
2016/5/12,540,535-545
2016/5/12,420,415-425
2016/5/16,395,390-400
2016/6/1,380,375-385
2016/6/13,345,340-350
2016/6/13,310,305-315
2016/6/12,435,430-440
2016/6/6,335,330-340
2016/6/8,325,320-330
2016/6/8,315,310-320
2016/6/2,370,365-375
2016/6/2,335,330-340
2016/5/31,360,355-365
2016/5/31,350,345-355
2016/6/17,280,275-285
2016/6/17,270,265-275
2016/6/16,300,295-305
2016/7/15,330,325-335
2016/7/18,360,355-365
2016/7/18,350,345-355
2016/7/14,330,325-335
2016/6/3,370,365-375
2016/6/3,350,345-355
2016/6/15,475,470-480
2016/6/15,400,395-405
2016/6/20,475,470-480
2016/6/21,295,290-300
2016/6/21,285,280-290
2016/5/17,405,400-410
2016/4/28,595,590-600
2016/5/23,300,295-305
2016/5/23,285,280-290
2016/5/6,575,570-580
2016/5/6,460,455-465
2016/5/11,415,410-420
2016/5/11,370,365-375
2016/6/22,390,385-395
2016/6/14,475,470-480
2016/6/14,400,395-405
2016/5/12,530,525-535
2016/5/12,410,405-415
2016/5/16,395,390-400
2016/6/1,370,365-375
2016/6/1,335,330-340
2016/6/13,295,290-300
2016/6/13,285,280-290
2016/6/12,475,470-480
2016/6/6,370,365-375
2016/6/8,305,300-310
2016/6/8,295,290-300
2016/6/2,370,365-375
2016/6/2,350,345-355
2016/5/31,340,335-345
2016/5/31,330,325-335
2016/6/16,290,285-295
2016/6/16,280,275-285
2016/7/18,340,335-345
2016/7/18,330,325-335
2016/6/3,340,335-345
2016/6/15,390,385-395
2016/6/15,340,335-345
2016/6/20,405,400-410
2016/6/21,435,430-440
2016/6/21,475,470-480
2016/5/17,375,370-380
2016/5/17,380,375-385
2016/4/28,487,482-492
2016/5/23,285,280-290
2016/5/6,565,560-570
2016/5/11,375,370-380
2016/6/22,510,505-515
2016/6/22,380,375-385
2016/6/14,390,385-395
2016/6/14,340,335-345
2016/5/12,410,405-415
2016/5/16,365,360-370
2016/5/16,370,365-375
2016/6/1,370,365-375
2016/6/1,350,345-355
2016/6/13,435,430-440
2016/6/12,395,390-400
2016/6/12,385,380-390
2016/6/12,335,330-340
2016/6/6,350,345-355
2016/6/8,285,280-290
2016/6/2,340,335-345
2016/6/2,330,325-335
2016/5/31,320,315-325
2016/6/16,270,265-275
2016/6/3,330,325-335
2016/6/15,330,325-335
2016/6/15,320,315-325
2016/6/20,395,390-400
2016/6/21,405,400-410
2016/6/21,395,390-400
2016/5/4,480,475-485
2016/5/17,335,330-340
2016/5/17,310,305-315
2016/4/29,515,510-520
2016/4/28,585,580-590
2016/4/28,480,475-485
2016/5/23,435,430-440
2016/5/6,450,445-455
2016/5/6,440,435-445
2016/5/11,340,335-345
2016/6/22,500,495-505
2016/6/22,370,365-375
2016/6/14,335,330-340
2016/6/14,325,320-330
2016/5/12,370,365-375
2016/5/12,375,370-380
2016/5/16,335,330-340
2016/5/16,310,305-315
2016/6/1,340,335-345
2016/6/1,330,325-335
2016/6/13,475,470-480
2016/6/13,400,395-405
2016/6/12,355,350-360
2016/6/6,340,335-345
2016/6/6,330,325-335
2016/6/2,320,315-325
2016/6/2,310,305-315
2016/5/31,310,305-315
2016/6/3,320,315-325
2016/6/15,310,305-315
2016/6/20,345,340-350
2016/6/21,345,340-350
2016/6/21,330,325-335
2016/5/4,595,590-600
2016/5/9,450,445-455
2016/5/17,320,315-325
2016/5/17,465,460-470
2016/5/5,470,465-475
2016/5/3,515,510-520
2016/4/29,600,595-605
2016/4/29,500,495-505
2016/4/28,480,475-485
2016/4/28,440,435-445
2016/5/23,495,490-500
2016/5/23,400,395-405
2016/5/6,410,405-415
2016/5/6,410,405-415
2016/5/11,325,320-330
2016/6/22,370,365-375
2016/6/22,340,335-345
2016/6/14,315,310-320
2016/6/14,305,300-310
2016/5/12,340,335-345
2016/5/12,325,320-330
2016/5/16,320,315-325
2016/6/1,320,315-325
2016/6/1,310,305-315
2016/6/13,390,385-395
2016/6/13,345,340-350
2016/6/12,335,330-340
2016/6/12,325,320-330
2016/6/6,320,315-325
2016/6/6,310,305-315
2016/6/2,300,295-305
2016/6/3,310,305-315
2016/6/3,300,295-305
2016/6/15,300,295-305
2016/6/15,290,285-295
2016/6/20,330,325-335
2016/6/21,320,315-325
2016/6/21,310,305-315
2016/5/4,470,465-475
2016/5/4,585,580-590
2016/5/13,420,415-425
2016/5/9,555,550-560
2016/5/9,440,435-445
2016/5/10,440,435-445
2016/5/17,540,535-545
2016/5/17,440,435-445
2016/5/5,590,585-595
2016/5/5,460,455-465
2016/5/3,600,595-605
2016/5/3,500,495-505
2016/5/3,590,585-595
2016/4/29,590,585-595
2016/4/29,490,485-495
2016/4/28,440,435-445
2016/4/28,430,425-435
2016/5/23,390,385-395
2016/5/6,380,375-385
2016/5/6,350,345-355
2016/5/11,325,320-330
2016/5/11,460,455-465
2016/6/22,345,340-350
2016/6/22,320,315-325
2016/6/14,295,290-300
2016/6/14,285,280-290
2016/5/12,325,320-330
2016/5/12,460,455-465
2016/5/16,455,450-460
2016/5/16,530,525-535
2016/5/16,430,425-435
2016/6/1,300,295-305
2016/6/13,335,330-340
2016/6/13,325,320-330
2016/6/12,315,310-320
2016/6/12,305,300-310
2016/6/6,300,295-305
2016/6/15,280,275-285
2016/6/15,270,265-275
2016/6/20,320,315-325
2016/6/20,310,305-315
2016/6/21,300,295-305
2016/6/21,290,285-295
2016/5/18,415,410-420
2016/5/4,460,455-465
2016/5/4,460,455-465
2016/5/13,535,530-540
2016/4/26,500,495-505
2016/5/9,545,540-550
2016/5/9,430,425-435
2016/5/10,545,540-550
2016/5/17,430,425-435
2016/5/5,580,575-585
2016/5/5,450,445-455
2016/5/3,490,485-495
2016/4/29,490,485-495
2016/4/29,442,437-447
2016/4/28,380,375-385
2016/4/28,375,370-380
2016/5/23,350,345-355
2016/5/6,345,340-350
2016/5/6,515,510-520
2016/5/11,535,530-540
2016/5/11,445,440-450
2016/5/11,435,430-440
2016/6/22,295,290-300
2016/6/22,285,280-290
2016/6/14,275,270-280
2016/5/12,535,530-540
2016/5/16,420,415-425
2016/5/16,380,375-385
2016/6/13,315,310-320
2016/6/12,295,290-300
2016/6/20,300,295-305
2016/6/21,280,275-285
2016/6/21,270,265-275
2016/4/25,510,505-515
2016/5/18,540,535-545
2016/5/18,405,400-410
2016/5/4,422,417-427
2016/5/4,422,417-427
2016/5/13,410,405-415
2016/4/26,620,615-625
2016/4/26,490,485-495
2016/5/9,430,425-435
2016/5/9,390,385-395
2016/5/10,430,425-435
2016/5/10,535,530-540
2016/5/17,390,385-395
2016/5/17,420,415-425
2016/5/5,440,435-445
2016/5/3,490,485-495
2016/5/3,442,437-447
2016/4/29,442,437-447
2016/4/29,430,425-435
2016/4/28,540,535-545
2016/4/28,595,590-600
2016/5/23,390,385-395
2016/5/23,370,365-375
2016/5/6,570,565-575
2016/5/6,475,470-480
2016/5/11,380,375-385
2016/5/11,440,435-445
2016/6/22,435,430-440
2016/5/12,440,435-445
2016/5/16,420,415-425
2016/5/16,400,395-405
2016/6/13,305,300-310
2016/6/12,285,280-290
2016/6/20,290,285-295
2016/4/25,620,615-625
2016/4/25,500,495-505
2016/4/21,510,505-515
2016/4/21,520,515-525
2016/5/18,530,525-535
2016/5/18,400,395-405
2016/5/4,410,405-415
2016/4/22,520,515-525
2016/5/13,525,520-530
2016/4/26,610,605-615
2016/4/26,480,475-485
2016/5/9,390,385-395
2016/5/9,355,350-360
2016/5/10,420,415-425
2016/5/10,420,415-425
2016/5/17,400,395-405
2016/5/17,390,385-395
2016/5/5,420,415-425
2016/5/5,420,415-425
2016/5/3,442,437-447
2016/5/3,430,425-435
2016/4/29,383,378-388
2016/4/28,505,500-510
2016/4/28,490,485-495
2016/5/23,360,355-365
2016/5/23,350,345-355
2016/5/6,465,460-470
2016/5/11,430,425-435
2016/5/11,420,415-425
2016/6/22,475,470-480
2016/5/12,435,430-440
2016/5/12,380,375-385
2016/5/16,390,385-395
2016/6/13,295,290-300
2016/6/13,285,280-290
2016/6/20,280,275-285
2016/6/20,270,265-275
2016/4/25,610,605-615
2016/4/25,490,485-495
2016/4/25,490,485-495
2016/4/21,620,615-625
2016/4/21,630,625-635
2016/5/18,400,395-405
2016/5/18,375,370-380
2016/4/7,420,415-425
2016/5/4,365,360-370
2016/5/4,360,355-365
2016/4/22,630,625-635
2016/4/22,510,505-515
2016/5/13,400,395-405
2016/5/13,400,395-405
2016/4/26,480,475-485
2016/4/26,450,445-455
2016/5/9,335,330-340
2016/5/9,330,325-335
2016/5/10,370,365-375
2016/5/17,380,375-385
2016/5/5,385,380-390
2016/5/5,360,355-365
2016/5/3,383,378-388
2016/4/29,378,373-383
2016/4/29,550,545-555
2016/4/28,430,425-435
2016/5/23,340,335-345
2016/5/6,410,405-415
2016/5/6,470,465-475
2016/5/11,410,405-415
2016/6/22,405,400-410
2016/5/12,440,435-445
2016/5/12,430,425-435
2016/5/16,380,375-385
2016/5/16,370,365-375
2016/6/13,275,270-280
2016/4/25,460,455-465
2016/3/30,408,403-413
2016/4/21,500,495-505
2016/4/8,420,415-425
2016/3/28,420,415-425
2016/4/21,510,505-515
2016/3/29,410,405-415
2016/5/18,380,375-385
2016/4/7,525,520-530
2016/5/4,535,530-540
2016/5/4,590,585-595
2016/4/22,620,615-625
2016/5/13,365,360-370
2016/4/26,450,445-455
2016/4/26,440,435-445
2016/5/9,490,485-495
2016/5/10,380,375-385
2016/5/10,340,335-345
2016/5/17,370,365-375
2016/5/5,355,350-360
2016/5/3,378,373-383
2016/5/3,550,545-555
2016/4/29,595,590-600
2016/4/29,520,515-525
2016/4/28,490,485-495
2016/5/23,330,325-335
2016/5/23,320,315-325
2016/5/6,460,455-465
2016/5/6,450,445-455
2016/5/11,390,385-395
2016/5/11,380,375-385
2016/6/22,395,390-400
2016/6/22,345,340-350
2016/6/22,330,325-335
2016/5/12,420,415-425
2016/5/16,360,355-365
2016/5/16,350,345-355
2016/4/25,460,455-465
2016/3/30,510,505-515
2016/4/21,610,605-615
2016/4/21,480,475-485
2016/4/8,525,520-530
2016/3/28,520,515-525
2016/3/28,410,405-415
2016/4/21,620,615-625
2016/4/21,500,495-505
2016/3/29,510,505-515
2016/3/29,400,395-405
2016/3/29,500,495-505
2016/5/18,335,330-340
2016/3/31,410,405-415
2016/4/7,410,405-415
2016/4/7,520,515-525
2016/5/4,500,495-505
2016/5/4,480,475-485
2016/4/22,500,495-505
2016/4/22,500,495-505
2016/5/13,370,365-375
2016/5/13,335,330-340
2016/4/26,395,390-400
2016/5/9,550,545-555
2016/5/9,455,450-460
2016/5/10,330,325-335
2016/5/10,325,320-330
2016/5/17,360,355-365
2016/5/17,350,345-355
2016/5/5,520,515-525
2016/5/5,585,580-590
2016/5/3,595,590-600
2016/4/29,505,500-510
2016/4/29,440,435-445
2016/4/28,480,475-485
2016/5/6,440,435-445
2016/5/6,420,415-425
2016/5/11,370,365-375
2016/6/22,320,315-325
2016/5/12,410,405-415
2016/5/12,390,385-395
2016/4/25,450,445-455
2016/4/25,405,400-410
2016/3/30,398,393-403
2016/4/21,480,475-485
2016/4/21,460,455-465
2016/4/1,410,405-415
2016/4/5,420,415-425
2016/4/8,410,405-415
2016/4/8,520,515-525
2016/4/6,420,415-425
2016/3/28,510,505-515
2016/3/28,405,400-410
2016/4/21,500,495-505
2016/3/29,395,390-400
2016/5/18,310,305-315
2016/3/31,510,505-515
2016/3/31,400,395-405
2016/4/7,405,400-410
2016/5/4,420,415-425
2016/5/4,480,475-485
2016/4/22,470,465-475
2016/4/22,470,465-475
2016/5/13,315,310-320
2016/5/13,320,315-325
2016/4/26,385,380-390
2016/4/26,545,540-550
2016/5/9,445,440-450
2016/5/10,465,460-470
2016/5/5,485,480-490
2016/5/5,465,460-470
2016/5/3,520,515-525
2016/5/3,505,500-510
2016/4/29,510,505-515
2016/4/29,500,495-505
2016/4/28,470,465-475
2016/4/28,455,450-460
2016/5/6,410,405-415
2016/5/6,400,395-405
2016/6/22,310,305-315
2016/6/22,300,295-305
2016/5/12,380,375-385
2016/5/12,370,365-375
2016/4/25,395,390-400
2016/3/30,500,495-505
2016/3/30,393,388-398
2016/4/21,460,455-465
2016/4/21,445,440-450
2016/4/1,510,505-515
2016/4/1,400,395-405
2016/4/5,525,520-530
2016/4/8,405,400-410
2016/4/8,405,400-410
2016/4/6,525,520-530
2016/4/6,410,405-415
2016/3/28,405,400-410
2016/3/28,380,375-385
2016/4/21,470,465-475
2016/4/21,470,465-475
2016/3/29,395,390-400
2016/5/18,320,315-325
2016/5/18,465,460-470
2016/3/31,510,505-515
2016/3/31,395,390-400
2016/4/7,405,400-410
2016/4/7,375,370-380
2016/5/4,470,465-475
2016/5/4,460,455-465
2016/4/22,460,455-465
2016/4/22,410,405-415
2016/5/13,455,450-460
2016/5/13,530,525-535
2016/4/26,610,605-615
2016/5/9,390,385-395
2016/5/9,450,445-455
2016/5/10,540,535-545
2016/5/10,445,440-450
2016/5/5,410,405-415
2016/5/5,470,465-475
2016/5/3,440,435-445
2016/5/3,510,505-515
2016/4/29,480,475-485
2016/4/28,435,430-440
2016/4/28,425,420-430
2016/6/22,290,285-295
2016/6/22,280,275-285
2016/4/25,552,547-557
2016/3/30,393,388-398
2016/4/21,400,395-405
2016/4/11,430,425-435
2016/4/1,510,505-515
2016/4/1,395,390-400
2016/4/11,430,425-435
2016/4/5,410,405-415
2016/4/5,520,515-525
2016/4/8,375,370-380
2016/4/8,380,375-385
2016/4/12,440,435-445
2016/4/6,520,515-525
2016/3/28,380,375-385
2016/3/28,370,365-375
2016/4/21,460,455-465
2016/4/21,410,405-415
2016/3/29,375,370-380
2016/5/18,540,535-545
2016/5/18,440,435-445
2016/3/31,395,390-400
2016/4/7,380,375-385
2016/5/4,450,445-455
2016/5/4,430,425-435
2016/4/22,400,395-405
2016/4/22,555,550-560
2016/5/13,430,425-435
2016/4/26,510,505-515
2016/4/26,490,485-495
2016/5/9,440,435-445
2016/5/9,430,425-435
2016/5/10,435,430-440
2016/5/10,380,375-385
2016/5/5,460,455-465
2016/5/5,450,445-455
2016/5/3,500,495-505
2016/4/29,465,460-470
2016/4/29,445,440-450
2016/4/28,415,410-420
2016/6/22,270,265-275
2016/4/25,610,605-615
2016/4/25,515,510-520
2016/3/30,370,365-375
2016/4/21,390,385-395
2016/4/21,550,545-555
2016/4/11,535,530-540
2016/4/11,420,415-425
2016/4/1,395,390-400
2016/4/11,535,530-540
2016/4/13,460,455-465
2016/4/5,405,400-410
2016/4/5,405,400-410
2016/4/8,365,360-370
2016/4/12,550,545-555
2016/4/12,430,425-435
2016/4/6,405,400-410
2016/3/28,350,345-355
2016/3/28,335,330-340
2016/4/21,400,395-405
2016/4/21,555,550-560
2016/3/29,375,370-380
2016/3/29,365,360-370
2016/5/18,430,425-435
2016/5/18,390,385-395
2016/3/31,370,365-375
2016/4/7,365,360-370
2016/4/7,340,335-345
2016/5/4,420,415-425
2016/5/4,410,405-415
2016/4/22,615,610-620
2016/5/13,420,415-425
2016/4/26,440,435-445
2016/4/26,500,495-505
2016/5/9,420,415-425
2016/5/10,440,435-445
2016/5/10,430,425-435
2016/5/5,440,435-445
2016/5/5,420,415-425
2016/5/3,480,475-485
2016/5/3,465,460-470
2016/4/29,435,430-440
2016/4/29,425,420-430
2016/4/25,510,505-515
2016/4/25,460,455-465
2016/3/30,375,370-380
2016/4/21,605,600-610
2016/4/21,510,505-515
2016/4/11,530,525-535
2016/4/1,370,365-375
2016/4/1,375,370-380
2016/4/18,460,455-465
2016/4/11,420,415-425
2016/4/13,565,560-570
2016/4/13,450,445-455
2016/4/5,375,370-380
2016/4/5,380,375-385
2016/4/8,340,335-345
2016/4/8,330,325-335
2016/4/12,545,540-550
2016/4/12,420,415-425
2016/4/6,405,400-410
2016/3/28,460,455-465
2016/3/28,515,510-520
2016/4/21,615,610-620
2016/4/21,520,515-525
2016/3/29,340,335-345
2016/3/29,330,325-335
2016/5/18,420,415-425
2016/5/18,400,395-405
2016/3/31,375,370-380
2016/3/31,360,355-365
2016/4/7,330,325-335
2016/4/7,455,450-460
2016/4/22,520,515-525
2016/4/22,510,505-515
2016/5/13,380,375-385
2016/5/13,440,435-445
2016/4/26,490,485-495
2016/5/9,400,395-405
2016/5/9,390,385-395
2016/5/10,420,415-425
2016/5/10,410,405-415
2016/5/5,410,405-415
2016/5/5,400,395-405
2016/5/3,445,440-450
2016/5/3,435,430-440
2016/4/25,510,505-515
2016/4/25,500,495-505
2016/3/30,360,355-365
2016/3/30,335,330-340
2016/4/21,500,495-505
2016/4/21,470,465-475
2016/4/11,415,410-420
2016/4/11,415,410-420
2016/4/19,475,470-480
2016/4/15,445,440-450
2016/4/1,360,355-365
2016/4/1,335,330-340
2016/4/18,570,565-575
2016/4/14,455,450-460
2016/4/11,530,525-535
2016/4/11,415,410-420
2016/4/13,560,555-565
2016/4/13,440,435-445
2016/4/5,365,360-370
2016/4/8,455,450-460
2016/4/8,525,520-530
2016/4/12,420,415-425
2016/4/6,375,370-380
2016/3/28,420,415-425
2016/3/28,415,410-420
2016/4/21,510,505-515
2016/3/29,455,450-460
2016/3/29,505,500-510
2016/5/18,390,385-395
2016/5/18,380,375-385
2016/3/31,335,330-340
2016/3/31,325,320-330
2016/4/7,525,520-530
2016/4/7,420,415-425
2016/4/22,470,465-475
2016/4/22,520,515-525
2016/5/13,420,415-425
2016/5/13,410,405-415
2016/4/26,480,475-485
2016/5/9,380,375-385
2016/5/10,390,385-395
2016/5/10,380,375-385
2016/5/3,425,420-430
2016/4/25,490,485-495
2016/4/25,475,470-480
2016/3/30,325,320-330
2016/3/30,450,445-455
2016/4/21,510,505-515
2016/4/11,385,380-390
2016/4/19,580,575-585
2016/4/19,460,455-465
2016/3/14,440,435-445
2016/4/15,560,555-565
2016/4/15,435,430-440
2016/4/1,325,320-330
2016/4/1,450,445-455
2016/4/18,450,445-455
2016/4/14,565,560-570
2016/4/14,445,440-450
2016/4/11,415,410-420
2016/4/11,385,380-390
2016/4/13,440,435-445
2016/4/13,405,400-410
2016/4/5,340,335-345
2016/4/5,330,325-335
2016/4/8,425,420-430
2016/4/12,390,385-395
2016/4/12,395,390-400
2016/4/6,380,375-385
2016/4/6,365,360-370
2016/3/28,400,395-405
2016/3/28,430,425-435
2016/4/21,470,465-475
2016/3/29,410,405-415
2016/3/29,405,400-410
2016/5/18,370,365-375
2016/5/18,360,355-365
2016/5/18,350,345-355
2016/3/31,450,445-455
2016/4/7,410,405-415
2016/4/7,405,400-410
2016/4/22,510,505-515
2016/4/22,500,495-505
2016/5/13,400,395-405
2016/5/13,390,385-395
2016/4/26,465,460-470
2016/4/26,445,440-450
2016/5/10,370,365-375
2016/4/25,455,450-460
2016/4/25,445,440-450
2016/3/30,505,500-510
2016/3/30,405,400-410
2016/4/21,500,495-505
2016/4/11,390,385-395
2016/4/11,365,360-370
2016/3/15,415,410-420
2016/3/2,385,380-390
2016/4/19,570,565-575
2016/4/19,440,435-445
2016/3/14,540,535-545
2016/3/14,430,425-435
2016/4/15,550,545-555
2016/4/15,425,420-430
2016/4/1,515,510-520
2016/4/1,405,400-410
2016/4/18,560,555-565
2016/4/14,560,555-565
2016/4/14,435,430-440
2016/4/11,390,385-395
2016/4/11,365,360-370
2016/4/13,410,405-415
2016/4/13,390,385-395
2016/4/5,455,450-460
2016/4/5,525,520-530
2016/4/8,415,410-420
2016/4/12,375,370-380
2016/4/6,340,335-345
2016/4/6,330,325-335
2016/3/28,420,415-425
2016/3/28,410,405-415
2016/4/21,520,515-525
2016/4/21,510,505-515
2016/3/29,400,395-405
2016/3/29,420,415-425
2016/3/31,515,510-520
2016/3/31,405,400-410
2016/4/7,415,410-420
2016/4/7,405,400-410
2016/4/22,485,480-490
2016/4/22,465,460-470
2016/5/13,380,375-385
2016/5/13,370,365-375
2016/4/26,435,430-440
2016/4/25,435,430-440
2016/3/30,400,395-405
2016/3/30,400,395-405
2016/4/21,490,485-495
2016/4/11,350,345-355
2016/3/15,510,505-515
2016/3/2,455,450-460
2016/3/2,375,370-380
2016/2/26,365,360-370
2016/4/19,440,435-445
2016/3/14,530,525-535
2016/3/14,420,415-425
2016/4/15,425,420-430
2016/4/1,400,395-405
2016/4/18,440,435-445
2016/4/14,435,430-440
2016/4/14,405,400-410
2016/4/11,350,345-355
2016/4/11,340,335-345
2016/4/13,375,370-380
2016/4/13,360,355-365
2016/4/5,420,415-425
2016/4/5,410,405-415
2016/4/8,405,400-410
2016/4/8,415,410-420
2016/4/12,355,350-360
2016/4/12,345,340-350
2016/4/6,455,450-460
2016/3/28,395,390-400
2016/3/28,385,380-390
2016/4/21,500,495-505
2016/4/21,485,480-490
2016/4/21,465,460-470
2016/3/29,410,405-415
2016/3/29,400,395-405
2016/3/31,400,395-405
2016/3/31,400,395-405
2016/4/7,395,390-400
2016/4/22,455,450-460
2016/4/22,445,440-450
2016/4/26,425,420-430
2016/3/30,415,410-420
2016/4/21,475,470-480
2016/4/11,340,335-345
2016/3/15,405,400-410
2016/3/15,500,495-505
2016/3/3,390,385-395
2016/3/1,375,370-380
2016/3/2,445,440-450
2016/2/26,440,435-445
2016/2/26,355,350-360
2016/4/19,425,420-430
2016/4/19,425,420-430
2016/3/14,420,415-425
2016/3/14,390,385-395
2016/4/15,400,395-405
2016/4/15,405,400-410
2016/4/1,400,395-405
2016/4/1,415,410-420
2016/4/18,440,435-445
2016/4/18,415,410-420
2016/4/14,410,405-415
2016/4/11,465,460-470
2016/4/11,535,530-540
2016/4/13,490,485-495
2016/4/13,565,560-570
2016/4/5,405,400-410
2016/4/5,415,410-420
2016/4/8,405,400-410
2016/4/8,395,390-400
2016/4/12,475,470-480
2016/4/6,525,520-530
2016/3/28,365,360-370
2016/3/28,355,350-360
2016/4/21,455,450-460
2016/3/29,385,380-390
2016/3/31,415,410-420
2016/3/31,405,400-410
2016/4/7,380,375-385
2016/4/7,370,365-375
2016/3/4,390,385-395
2016/3/30,405,400-410
2016/4/21,455,450-460
2016/4/11,465,460-470
2016/4/11,535,530-540
2016/3/15,395,390-400
2016/3/3,460,455-465
2016/3/3,380,375-385
2016/3/1,450,445-455
2016/3/2,365,360-370
2016/2/26,430,425-435
2016/4/19,405,400-410
2016/3/14,390,385-395
2016/3/14,395,390-400
2016/4/15,385,380-390
2016/4/1,405,400-410
2016/4/18,420,415-425
2016/4/14,390,385-395
2016/4/11,435,430-440
2016/4/13,460,455-465
2016/4/5,405,400-410
2016/4/8,380,375-385
2016/4/8,370,365-375
2016/4/12,545,540-550
2016/4/6,420,415-425
2016/4/21,445,440-450
2016/3/29,375,370-380
2016/3/31,395,390-400
2016/4/7,350,345-355
2016/4/7,340,335-345
2016/3/4,460,455-465
2016/3/4,380,375-385
2016/3/30,395,390-400
2016/3/30,380,375-385
2016/4/21,445,440-450
2016/4/21,435,430-440
2016/3/7,490,485-495
2016/4/11,435,430-440
2016/4/11,425,420-430
2016/3/15,395,390-400
2016/3/15,380,375-385
2016/3/7,490,485-495
2016/3/3,450,445-455
2016/2/29,360,355-365
2016/3/1,365,360-370
2016/3/2,365,360-370
2016/2/26,345,340-350
2016/2/26,345,340-350
2016/4/19,378,373-383
2016/4/19,365,360-370
2016/3/14,365,360-370
2016/3/14,350,345-355
2016/4/15,370,365-375
2016/4/15,355,350-360
2016/4/1,395,390-400
2016/4/1,380,375-385
2016/4/1,370,365-375
2016/4/18,400,395-405
2016/4/14,375,370-380
2016/4/14,360,355-365
2016/4/11,425,420-430
2016/4/11,415,410-420
2016/4/13,445,440-450
2016/4/5,395,390-400
2016/4/5,380,375-385
2016/4/8,350,345-355
2016/4/8,340,335-345
2016/4/12,440,435-445
2016/4/12,430,425-435
2016/4/6,410,405-415
2016/4/6,405,400-410
2016/3/29,355,350-360
2016/3/31,380,375-385
2016/3/31,370,365-375
2016/3/4,450,445-455
2016/3/4,370,365-375
2016/3/30,370,365-375
2016/3/30,350,345-355
2016/3/8,505,500-510
2016/3/7,560,555-565
2016/3/7,480,475-485
2016/4/11,415,410-420
2016/4/11,425,420-430
2016/3/15,378,373-383
2016/3/7,560,555-565
2016/3/3,370,365-375
2016/3/3,370,365-375
2016/2/29,440,435-445
2016/2/29,350,345-355
2016/3/1,440,435-445
2016/3/1,355,350-360
2016/3/2,330,325-335
2016/2/26,320,315-325
2016/4/19,505,500-510
2016/4/19,575,570-580
2016/3/14,470,465-475
2016/4/15,490,485-495
2016/4/15,555,550-560
2016/4/1,350,345-355
2016/4/1,340,335-345
2016/4/18,370,365-375
2016/4/18,360,355-365
2016/4/14,490,485-495
2016/4/14,565,560-570
2016/4/11,425,420-430
2016/4/13,435,430-440
2016/4/5,370,365-375
2016/4/12,420,415-425
2016/4/12,435,430-440
2016/4/6,415,410-420
2016/4/6,405,400-410
2016/3/29,345,340-350
2016/3/31,350,345-355
2016/3/31,340,335-345
2016/3/4,370,365-375
2016/3/10,460,455-465
2016/3/30,340,335-345
2016/3/8,590,585-595
2016/3/8,490,485-495
2016/3/9,480,475-485
2016/3/9,480,475-485
2016/3/7,550,545-555
2016/4/11,415,410-420
2016/3/15,385,380-390
2016/3/15,355,350-360
2016/3/7,480,475-485
2016/3/3,335,330-340
2016/3/3,335,330-340
2016/2/29,430,425-435
2016/2/29,340,335-345
2016/3/1,355,350-360
2016/3/2,330,325-335
2016/3/2,325,320-330
2016/2/26,320,315-325
2016/2/26,315,310-320
2016/4/19,470,465-475
2016/4/19,465,460-470
2016/3/14,535,530-540
2016/3/14,450,445-455
2016/4/15,455,450-460
2016/4/15,440,435-445
2016/4/18,495,490-500
2016/4/14,460,455-465
2016/4/11,415,410-420
2016/4/11,405,400-410
2016/4/13,455,450-460
2016/4/13,445,440-450
2016/4/5,350,345-355
2016/4/12,425,420-430
2016/4/6,395,390-400
2016/4/6,380,375-385
2016/3/4,335,330-340
2016/3/4,335,330-340
2016/3/10,550,545-555
2016/3/10,450,445-455
2016/3/8,580,575-585
2016/3/8,480,475-485
2016/3/9,570,565-575
2016/3/9,470,465-475
2016/3/9,570,565-575
2016/3/16,415,410-420
2016/3/7,470,465-475
2016/4/11,405,400-410
2016/4/11,390,385-395
2016/3/15,340,335-345
2016/3/15,450,445-455
2016/3/7,550,545-555
2016/3/3,330,325-335
2016/3/3,320,315-325
2016/2/29,340,335-345
2016/2/29,320,315-325
2016/3/1,325,320-330
2016/3/1,325,320-330
2016/3/2,315,310-320
2016/3/2,300,295-305
2016/2/26,310,305-315
2016/4/19,440,435-445
2016/3/14,440,435-445
2016/4/15,430,425-435
2016/4/18,565,560-570
2016/4/14,445,440-450
2016/4/11,390,385-395
2016/4/13,435,430-440
2016/4/5,340,335-345
2016/4/12,415,410-420
2016/4/6,370,365-375
2016/4/6,350,345-355
2016/3/4,330,325-335
2016/3/4,320,315-325
2016/3/18,425,420-430
2016/3/10,540,535-545
2016/3/21,440,435-445
2016/3/8,480,475-485
2016/3/8,440,435-445
2016/3/11,445,440-450
2016/3/9,560,555-565
2016/3/9,460,455-465
2016/3/9,470,465-475
2016/3/9,560,555-565
2016/3/16,510,505-515
2016/3/16,405,400-410
2016/3/7,470,465-475
2016/4/11,380,375-385
2016/4/11,360,355-365
2016/3/15,505,500-510
2016/3/15,420,415-425
2016/3/7,470,465-475
2016/3/3,305,300-310
2016/3/3,395,390-400
2016/2/29,320,315-325
2016/3/1,320,315-325
2016/3/2,395,390-400
2016/2/26,295,290-300
2016/4/19,470,465-475
2016/3/14,410,405-415
2016/4/15,450,445-455
2016/4/18,460,455-465
2016/4/18,450,445-455
2016/4/14,435,430-440
2016/4/14,455,450-460
2016/4/11,380,375-385
2016/4/13,420,415-425
2016/4/13,410,405-415
2016/4/12,400,395-405
2016/4/12,390,385-395
2016/4/6,340,335-345
2016/3/4,305,300-310
2016/3/4,395,390-400
2016/3/18,530,525-535
2016/3/10,440,435-445
2016/3/10,440,435-445
2016/3/21,540,535-545
2016/3/21,430,425-435
2016/3/8,440,435-445
2016/3/8,445,440-450
2016/3/11,540,535-545
2016/3/9,460,455-465
2016/3/9,420,415-425
2016/3/17,425,420-430
2016/3/9,460,455-465
2016/3/9,460,455-465
2016/3/16,500,495-505
2016/3/16,395,390-400
2016/3/7,440,435-445
2016/4/11,350,345-355
2016/3/15,410,405-415
2016/3/15,385,380-390
2016/3/7,470,465-475
2016/3/3,450,445-455
2016/3/3,385,380-390
2016/2/29,315,310-320
2016/2/29,310,305-315
2016/3/1,310,305-315
2016/3/1,295,290-300
2016/3/2,445,440-450
2016/2/26,385,380-390
2016/4/19,460,455-465
2016/4/19,450,445-455
2016/3/14,445,440-450
2016/4/15,440,435-445
2016/4/18,430,425-435
2016/4/18,460,455-465
2016/4/14,445,440-450
2016/4/11,360,355-365
2016/4/11,350,345-355
2016/4/13,390,385-395
2016/4/13,380,375-385
2016/4/12,370,365-375
2016/3/4,450,445-455
2016/3/18,420,415-425
2016/3/18,520,515-525
2016/3/22,440,435-445
2016/3/10,405,400-410
2016/2/25,370,365-375
2016/3/23,440,435-445
2016/3/21,530,525-535
2016/3/8,420,415-425
2016/3/11,435,430-440
2016/3/9,420,415-425
2016/3/17,530,525-535
2016/3/9,420,415-425
2016/3/16,395,390-400
2016/3/7,440,435-445
2016/3/15,425,420-430
2016/3/7,435,430-440
2016/3/3,370,365-375
2016/2/29,295,290-300
2016/3/1,390,385-395
2016/3/2,385,380-390
2016/2/26,430,425-435
2016/4/19,435,430-440
2016/3/14,435,430-440
2016/4/15,430,425-435
2016/4/18,450,445-455
2016/4/18,440,435-445
2016/4/14,435,430-440
2016/4/12,360,355-365
2016/3/4,385,380-390
2016/3/18,410,405-415
2016/3/18,410,405-415
2016/3/22,540,535-545
2016/3/22,428,423-433
2016/3/10,405,400-410
2016/2/25,440,435-445
2016/2/25,360,355-365
2016/3/23,535,530-540
2016/3/21,420,415-425
2016/3/24,425,420-430
2016/3/8,405,400-410
2016/3/11,530,525-535
2016/3/9,425,420-430
2016/3/17,420,415-425
2016/3/9,420,415-425
2016/3/16,375,370-380
2016/3/7,430,425-435
2016/3/7,420,415-425
2016/3/15,415,410-420
2016/3/7,435,430-440
2016/3/3,350,345-355
2016/2/29,380,375-385
2016/2/29,430,425-435
2016/3/1,440,435-445
2016/3/2,370,365-375
2016/3/2,350,345-355
2016/2/26,375,370-380
2016/4/19,425,420-430
2016/3/14,425,420-430
2016/3/14,410,405-415
2016/4/15,415,410-420
2016/4/18,425,420-430
2016/4/14,420,415-425
2016/3/4,370,365-375
2016/3/4,350,345-355
2016/3/18,390,385-395
2016/2/14,340,335-345
2016/2/15,345,340-350
2016/3/22,530,525-535
2016/3/10,410,405-415
2016/2/25,430,425-435
2016/3/23,428,423-433
2016/3/21,420,415-425
2016/3/24,525,520-530
2016/3/8,515,510-520
2016/3/11,425,420-430
2016/3/9,400,395-405
2016/3/17,520,515-525
2016/3/9,425,420-430
2016/3/16,370,365-375
2016/3/7,405,400-410
2016/3/15,405,400-410
2016/3/7,430,425-435
2016/3/3,385,380-390
2016/2/29,370,365-375
2016/3/1,380,375-385
2016/3/2,380,375-385
2016/2/26,360,355-365
2016/4/19,405,400-410
2016/3/14,400,395-405
2016/4/15,405,400-410
2016/4/18,415,410-420
2016/4/14,410,405-415
2016/3/4,385,380-390
2016/3/18,390,385-395
2016/2/14,405,400-410
2016/2/15,415,410-420
2016/3/22,420,415-425
2016/2/2,330,325-335
2016/2/3,330,325-335
2016/3/10,380,375-385
2016/2/25,350,345-355
2016/3/23,525,520-530
2016/3/21,390,385-395
2016/3/24,410,405-415
2016/3/8,585,580-590
2016/3/11,425,420-430
2016/3/9,385,380-390
2016/3/17,410,405-415
2016/3/17,410,405-415
2016/3/9,400,395-405
2016/3/16,380,375-385
2016/3/16,350,345-355
2016/3/7,510,505-515
2016/3/7,550,545-555
2016/3/15,390,385-395
2016/3/7,420,415-425
2016/3/7,405,400-410
2016/3/3,375,370-380
2016/2/29,355,350-360
2016/2/29,335,330-340
2016/3/1,365,360-370
2016/3/2,370,365-375
2016/2/26,340,335-345
2016/4/19,395,390-400
2016/3/14,380,375-385
2016/3/14,370,365-375
2016/4/15,385,380-390
2016/4/18,395,390-400
2016/4/14,390,385-395
2016/3/4,375,370-380
2016/1/26,325,320-330
2016/3/18,390,385-395
2016/1/27,330,325-335
2016/2/14,330,325-335
2016/2/14,395,390-400
2016/2/15,335,330-340
2016/2/15,405,400-410
2016/3/22,420,415-425
2016/3/22,385,380-390
2016/2/2,410,405-415
2016/2/2,320,315-325
2016/2/2,400,395-405
2016/2/3,405,400-410
2016/2/3,320,315-325
2016/3/10,365,360-370
2016/2/25,350,345-355
2016/3/23,420,415-425
2016/3/23,420,415-425
2016/3/21,390,385-395
2016/3/21,390,385-395
2016/3/24,515,510-520
2016/3/24,405,400-410
2016/3/8,500,495-505
2016/3/8,490,485-495
2016/3/11,390,385-395
2016/3/9,495,490-500
2016/3/9,565,560-570
2016/3/17,390,385-395
2016/3/17,390,385-395
2016/3/17,390,385-395
2016/3/9,385,380-390
2016/3/9,495,490-500
2016/3/16,335,330-340
2016/3/16,450,445-455
2016/3/7,495,490-500
2016/3/7,480,475-485
2016/3/15,380,375-385
2016/3/15,360,355-365
2016/3/7,495,490-500
2016/3/7,550,545-555
2016/3/3,365,360-370
2016/3/3,350,345-355
2016/2/29,355,350-360
2016/2/29,345,340-350
2016/3/1,345,340-350
2016/3/2,360,355-365
2016/2/26,360,355-365
2016/4/15,375,370-380
2016/4/18,385,380-390
2016/4/14,380,375-385
2016/3/4,365,360-370
2016/1/26,385,380-390
2016/1/28,330,325-335
2016/3/18,350,345-355
2016/3/18,335,330-340
2016/1/27,390,385-395
2016/1/27,315,310-320
2016/1/29,330,325-335
2016/2/14,320,315-325
2016/2/14,320,315-325
2016/2/15,325,320-330
2016/3/22,385,380-390
2016/3/22,380,375-385
2016/2/2,310,305-315
2016/2/2,310,305-315
2016/2/3,395,390-400
2016/2/3,310,305-315
2016/3/10,480,475-485
2016/3/10,545,540-550
2016/2/25,330,325-335
2016/3/23,385,380-390
2016/3/23,385,380-390
2016/3/21,350,345-355
2016/3/21,335,330-340
2016/3/21,465,460-470
2016/3/24,405,400-410
2016/3/24,380,375-385
2016/3/8,460,455-465
2016/3/8,495,490-500
2016/3/11,390,385-395
2016/3/9,480,475-485
2016/3/17,350,345-355
2016/3/17,335,330-340
2016/3/17,462,457-467
2016/3/9,565,560-570
2016/3/16,505,500-510
2016/3/16,420,415-425
2016/3/7,450,445-455
2016/3/7,485,480-490
2016/3/15,350,345-355
2016/3/7,485,480-490
2016/3/7,470,465-475
2016/3/3,340,335-345
2016/3/3,320,315-325
2016/2/29,335,330-340
2016/3/1,370,365-375
2016/3/1,360,355-365
2016/3/2,345,340-350
2016/3/2,335,330-340
2016/2/26,350,345-355
2016/3/4,350,345-355
2016/3/4,340,335-345
2016/1/26,310,305-315
2016/1/28,395,390-400
2016/1/28,320,315-325
2016/3/18,462,457-467
2016/3/18,525,520-530
2016/2/1,330,325-335
2016/1/27,375,370-380
2016/1/29,400,395-405
2016/2/4,340,335-345
2016/2/14,305,300-310
2016/2/14,300,295-305
2016/2/15,325,320-330
2016/2/15,305,300-310
2016/3/22,350,345-355
2016/3/22,335,330-340
2016/2/2,295,290-300
2016/2/2,290,285-295
2016/2/3,310,305-315
2016/2/3,295,290-300
2016/3/10,460,455-465
2016/3/10,450,445-455
2016/2/25,330,325-335
2016/2/25,325,320-330
2016/3/23,380,375-385
2016/3/23,350,345-355
2016/3/23,335,330-340
2016/3/21,535,530-540
2016/3/21,430,425-435
2016/3/24,380,375-385
2016/3/24,375,370-380
2016/3/8,485,480-490
2016/3/11,395,390-400
2016/3/11,365,360-370
2016/3/9,470,465-475
2016/3/9,440,435-445
2016/3/17,525,520-530
2016/3/9,480,475-485
2016/3/9,470,465-475
2016/3/16,410,405-415
2016/3/16,385,380-390
2016/3/7,475,470-480
2016/3/7,450,445-455
2016/3/7,485,480-490
2016/3/3,310,305-315
2016/2/29,320,315-325
2016/2/29,310,305-315
2016/3/1,350,345-355
2016/3/1,335,330-340
2016/3/2,315,310-320
2016/2/26,340,335-345
2016/2/26,320,315-325
2016/3/4,320,315-325
2016/3/4,310,305-315
2016/1/26,370,365-375
2016/1/26,300,295-305
2016/1/28,380,375-385
2016/1/28,310,305-315
2016/3/18,430,425-435
2016/3/18,420,415-425
2016/2/1,410,405-415
2016/2/1,320,315-325
2016/1/27,305,300-310
2016/1/27,305,300-310
2016/2/4,340,335-345
2016/2/5,340,335-345
2016/1/29,320,315-325
2016/1/29,390,385-395
2016/2/4,405,400-410
2016/2/4,330,325-335
2016/2/14,299,294-304
2016/2/14,288,283-293
2016/2/15,310,305-315
2016/3/22,460,455-465
2016/3/22,535,530-540
2016/2/2,290,285-295
2016/2/2,280,275-285
2016/2/3,290,285-295
2016/3/10,420,415-425
2016/3/10,455,450-460
2016/2/25,315,310-320
2016/2/25,300,295-305
2016/3/23,460,455-465
2016/3/21,430,425-435
2016/3/21,400,395-405
2016/3/24,345,340-350
2016/3/24,330,325-335
2016/3/8,475,470-480
2016/3/8,460,455-465
2016/3/11,350,345-355
2016/3/11,470,465-475
2016/3/9,475,470-480
2016/3/17,430,425-435
2016/3/17,420,415-425
2016/3/9,440,435-445
2016/3/9,475,470-480
2016/3/9,465,460-470
2016/3/16,425,420-430
2016/3/7,465,460-470
2016/3/7,450,445-455
2016/3/7,440,435-445
2016/3/7,475,470-480
2016/2/29,290,285-295
2016/2/29,280,275-285
2016/3/1,325,320-330
2016/3/2,305,300-310
2016/2/26,310,305-315
2016/2/26,290,285-295
2016/1/26,300,295-305
2016/1/28,310,305-315
2016/1/28,290,285-295
2016/3/18,400,395-405
2016/3/18,435,430-440
2016/2/6,340,335-345
2016/2/16,350,345-355
2016/2/1,400,395-405
2016/2/1,310,305-315
2016/2/17,355,350-360
2016/1/27,290,285-295
2016/1/27,285,280-290
2016/1/27,280,275-285
2016/2/4,405,400-410
2016/2/5,405,400-410
2016/2/5,330,325-335
2016/1/29,310,305-315
2016/1/29,310,305-315
2016/2/4,395,390-400
2016/2/4,320,315-325
2016/2/14,278,273-283
2016/2/14,360,355-365
2016/2/14,400,395-405
2016/2/15,300,295-305
2016/2/15,288,283-293
2016/3/22,430,425-435
2016/3/22,430,425-435
2016/2/2,270,265-275
2016/2/3,290,285-295
2016/2/3,280,275-285
2016/3/10,445,440-450
2016/3/10,435,430-440
2016/2/25,390,385-395
2016/3/23,530,525-535
2016/3/23,430,425-435
2016/3/21,435,430-440
2016/3/21,425,420-430
2016/3/24,460,455-465
2016/3/24,520,515-525
2016/3/8,450,445-455
2016/3/8,430,425-435
2016/3/11,535,530-540
2016/3/9,465,460-470
2016/3/9,455,450-460
2016/3/17,400,395-405
2016/3/17,435,430-440
2016/3/9,455,450-460
2016/3/16,415,410-420
2016/3/7,420,415-425
2016/3/7,410,405-415
2016/3/7,465,460-470
2016/3/7,450,445-455
2016/3/1,305,300-310
2016/3/1,295,290-300
2016/2/26,280,275-285
2016/1/26,295,290-300
2016/1/28,285,280-290
2016/3/18,425,420-430
2016/2/6,405,400-410
2016/2/16,415,410-420
2016/2/1,310,305-315
2016/2/18,355,350-360
2016/2/17,420,415-425
2016/1/27,272,267-277
2016/2/19,358,353-363
2016/2/4,330,325-335
2016/2/5,395,390-400
2016/1/29,295,290-300
2016/2/4,320,315-325
2016/2/14,340,335-345
2016/2/15,278,273-283
2016/3/22,400,395-405
2016/2/2,350,345-355
2016/2/3,270,265-275
2016/3/10,420,415-425
2016/2/25,435,430-440
2016/3/23,430,425-435
2016/3/21,415,410-420
2016/3/24,420,415-425
2016/3/8,420,415-425
2016/3/11,450,445-455
2016/3/9,440,435-445
2016/3/9,430,425-435
2016/3/17,425,420-430
2016/3/17,415,410-420
2016/3/9,440,435-445
2016/3/9,430,425-435
2016/3/16,405,400-410
2016/3/16,390,385-395
2016/3/7,440,435-445
2016/3/7,420,415-425
2016/1/26,280,275-285
2016/1/28,280,275-285
2016/3/18,415,410-420
2016/2/22,375,370-380
2016/2/23,375,370-380
2016/2/6,330,325-335
2016/2/6,395,390-400
2016/2/16,340,335-345
2016/2/16,405,400-410
2016/2/1,295,290-300
2016/2/1,290,285-295
2016/2/18,420,415-425
2016/2/18,345,340-350
2016/2/17,345,340-350
2016/1/27,265,260-270
2016/1/27,345,340-350
2016/2/19,430,425-435
2016/2/19,348,343-353
2016/2/4,395,390-400
2016/2/5,320,315-325
2016/1/29,290,285-295
2016/2/4,305,300-310
2016/2/14,330,325-335
2016/2/15,360,355-365
2016/3/22,435,430-440
2016/2/2,405,400-410
2016/2/3,350,345-355
2016/2/3,400,395-405
2016/3/10,410,405-415
2016/3/10,390,385-395
2016/2/25,380,375-385
2016/3/23,400,395-405
2016/3/23,435,430-440
2016/3/21,400,395-405
2016/3/21,390,385-395
2016/3/24,420,415-425
2016/3/24,395,390-400
2016/3/11,440,435-445
2016/3/11,410,405-415
2016/3/9,410,405-415
2016/3/9,400,395-405
2016/3/17,400,395-405
2016/3/17,390,385-395
2016/3/9,410,405-415
2016/3/16,380,375-385
2016/3/16,360,355-365
2016/3/7,410,405-415
2016/1/26,275,270-280
2016/1/26,272,267-277
2016/1/28,272,267-277
2016/2/24,375,370-380
2016/3/18,400,395-405
2016/3/18,390,385-395
2016/3/18,370,365-375
2016/2/22,445,440-450
2016/3/25,415,410-420
2016/2/23,445,440-450
2016/2/6,320,315-325
2016/2/16,330,325-335
2016/2/1,290,285-295
2016/2/1,280,275-285
2016/2/18,410,405-415
2016/2/17,410,405-415
2016/1/27,380,375-385
2016/2/19,420,415-425
2016/2/4,320,315-325
2016/2/4,320,315-325
2016/2/5,320,315-325
2016/2/5,305,300-310
2016/1/29,290,285-295
2016/1/29,275,270-280
2016/2/4,300,295-305
2016/2/4,299,294-304
2016/2/14,305,300-310
2016/2/15,410,405-415
2016/2/15,340,335-345
2016/3/22,425,420-430
2016/3/22,415,410-420
2016/2/2,330,325-335
2016/2/2,320,315-325
2016/2/3,330,325-335
2016/2/3,320,315-325
2016/3/10,380,375-385
2016/2/25,365,360-370
2016/2/25,345,340-350
2016/3/23,425,420-430
2016/3/23,415,410-420
2016/3/23,400,395-405
2016/3/21,370,365-375
2016/3/24,425,420-430
2016/3/24,415,410-420
2016/3/11,445,440-450
2016/3/11,435,430-440
2016/3/17,370,365-375
2016/3/17,360,355-365
2016/3/9,400,395-405
2016/3/16,350,345-355
2016/1/26,265,260-270
2016/1/26,340,335-345
2016/1/26,375,370-380
2016/1/28,265,260-270
2016/1/28,350,345-355
2016/2/24,440,435-445
2016/3/18,360,355-365
2016/2/22,365,360-370
2016/3/25,525,520-530
2016/2/23,365,360-370
2016/2/6,320,315-325
2016/2/16,330,325-335
2016/2/1,270,265-275
2016/2/18,335,330-340
2016/2/18,335,330-340
2016/2/17,335,330-340
2016/1/27,330,325-335
2016/1/27,320,315-325
2016/2/19,338,333-343
2016/2/19,338,333-343
2016/2/4,305,300-310
2016/2/5,300,295-305
2016/2/5,299,294-304
2016/1/29,265,260-270
2016/1/29,350,345-355
2016/2/4,288,283-293
2016/2/4,278,273-283
2016/2/14,335,330-340
2016/2/14,325,320-330
2016/2/15,330,325-335
2016/2/15,305,300-310
2016/3/22,400,395-405
2016/3/22,390,385-395
2016/2/2,305,300-310
2016/2/3,305,300-310
2016/2/3,335,330-340
2016/2/25,365,360-370
2016/2/25,355,350-360
2016/3/23,390,385-395
2016/3/23,370,365-375
2016/3/21,360,355-365
2016/3/24,405,400-410
2016/3/24,390,385-395
2016/3/11,425,420-430
2016/3/11,410,405-415
2016/1/26,330,325-335
2016/1/28,385,380-390
2016/1/28,330,325-335
2016/5/20,415,410-420
2016/5/24,385,380-390
2016/2/24,365,360-370
2016/2/24,430,425-435
2016/4/20,490,485-495
2016/4/27,470,465-475
2016/2/22,435,430-440
2016/3/25,405,400-410
2016/2/23,435,430-440
2016/2/6,305,300-310
2016/2/16,305,300-310
2016/2/1,350,345-355
2016/2/18,310,305-315
2016/2/17,335,330-340
2016/1/27,300,295-305
2016/2/19,320,315-325
2016/2/4,300,295-305
2016/2/5,288,283-293
2016/1/29,395,390-400
2016/2/4,360,355-365
2016/2/14,310,305-315
2016/2/14,295,290-300
2016/2/15,340,335-345
2016/2/15,330,325-335
2016/2/15,315,310-320
2016/3/22,370,365-375
2016/3/22,360,355-365
2016/2/2,335,330-340
2016/2/2,325,320-330
2016/2/3,325,320-330
2016/2/25,345,340-350
2016/2/25,325,320-330
2016/3/23,360,355-365
2016/3/24,380,375-385
2016/3/11,400,395-405
2016/3/11,380,375-385
2016/1/26,320,315-325
2016/1/26,290,285-295
2016/1/28,320,315-325
2016/1/28,305,300-310
2016/5/20,540,535-545
2016/5/24,495,490-500
2016/2/24,355,350-360
2016/5/25,385,380-390
2016/4/20,590,585-595
2016/5/19,415,410-420
2016/4/27,590,585-595
2016/2/22,355,350-360
2016/3/25,515,510-520
2016/3/25,400,395-405
2016/2/23,355,350-360
2016/2/23,355,350-360
2016/2/6,300,295-305
2016/2/6,299,294-304
2016/2/16,310,305-315
2016/2/16,300,295-305
2016/2/1,405,400-410
2016/2/18,310,305-315
2016/2/17,310,305-315
2016/2/17,310,305-315
2016/2/17,305,300-310
2016/1/27,330,325-335
2016/2/19,315,310-320
2016/2/19,305,300-310
2016/2/4,299,294-304
2016/2/5,278,273-283
2016/1/29,330,325-335
2016/1/29,320,315-325
2016/2/4,400,395-405
2016/2/14,285,280-290
2016/2/14,265,260-270
2016/2/15,300,295-305
2016/2/2,310,305-315
2016/2/3,310,305-315
2016/2/25,315,310-320
2016/3/24,360,355-365
2016/3/11,370,365-375
2016/5/30,380,375-385
2016/5/26,380,375-385
2016/5/27,380,375-385
2016/1/26,330,325-335
2016/1/26,320,315-325
2016/1/28,335,330-340
2016/1/28,325,320-330
2016/5/20,405,400-410
2016/5/24,375,370-380
2016/5/24,485,480-490
2016/2/24,355,350-360
2016/2/24,330,325-335
2016/5/25,495,490-500
2016/5/25,375,370-380
2016/4/20,480,475-485
2016/4/20,580,575-585
2016/5/19,540,535-545
2016/5/19,405,400-410
2016/4/27,460,455-465
2016/2/22,355,350-360
2016/3/25,400,395-405
2016/3/25,375,370-380
2016/2/23,330,325-335
2016/2/23,330,325-335
2016/2/23,325,320-330
2016/2/6,288,283-293
2016/2/16,290,285-295
2016/2/16,280,275-285
2016/2/1,330,325-335
2016/2/18,305,300-310
2016/2/17,293,288-298
2016/2/17,280,275-285
2016/1/27,320,315-325
2016/2/19,300,295-305
2016/2/19,285,280-290
2016/2/4,288,283-293
2016/2/4,278,273-283
2016/2/5,360,355-365
2016/2/5,400,395-405
2016/1/29,305,300-310
2016/1/29,335,330-340
2016/2/4,340,335-345
2016/2/14,255,250-260
2016/2/15,290,285-295
2016/2/15,270,265-275
2016/2/2,295,290-300
2016/2/2,285,280-290
2016/2/3,295,290-300
2016/2/3,285,280-290
2016/2/25,295,290-300
2016/3/24,350,345-355
2016/5/30,490,485-495
2016/5/30,365,360-370
2016/5/26,490,485-495
2016/5/27,490,485-495
2016/1/26,305,300-310
2016/1/26,290,285-295
2016/1/28,310,305-315
2016/5/20,530,525-535
2016/5/20,400,395-405
2016/6/23,395,390-400
2016/5/24,370,365-375
2016/5/24,370,365-375
2016/2/24,330,325-335
2016/5/25,485,480-490
2016/4/20,460,455-465
2016/5/19,530,525-535
2016/5/19,400,395-405
2016/4/27,580,575-585
2016/2/22,330,325-335
2016/3/25,375,370-380
2016/3/25,365,360-370
2016/2/23,315,310-320
2016/2/6,278,273-283
2016/2/16,365,360-370
2016/2/16,410,405-415
2016/2/1,320,315-325
2016/2/1,305,300-310
2016/2/18,295,290-300
2016/2/18,280,275-285
2016/2/17,370,365-375
2016/2/17,415,410-420
2016/1/27,305,300-310
2016/1/27,290,285-295
2016/2/19,375,370-380
2016/2/19,425,420-430
2016/2/4,360,355-365
2016/2/4,400,395-405
2016/2/5,340,335-345
2016/2/5,330,325-335
2016/1/29,325,320-330
2016/1/29,310,305-315
2016/2/4,330,325-335
2016/2/4,305,300-310
2016/2/15,260,255-265
2016/2/2,265,260-270
2016/2/3,265,260-270
2016/2/25,285,280-290
2016/5/30,480,475-485
2016/6/27,400,395-405
2016/5/26,365,360-370
2016/5/26,480,475-485
2016/6/27,415,410-420
2016/5/27,365,360-370
2016/5/27,480,475-485
2016/6/28,420,415-425
2016/1/26,280,275-285
2016/1/26,260,255-265
2016/1/28,295,290-300
2016/1/28,285,280-290
2016/5/20,400,395-405
2016/5/20,375,370-380
2016/6/23,515,510-520
2016/6/23,385,380-390
2016/5/24,340,335-345
2016/5/24,345,340-350
2016/2/24,325,320-330
2016/2/24,315,310-320
2016/5/25,370,365-375
2016/4/20,460,455-465
2016/5/19,400,395-405
2016/5/19,375,370-380
2016/4/27,450,445-455
2016/2/22,330,325-335
2016/2/22,325,320-330
2016/3/25,345,340-350
2016/2/23,300,295-305
2016/2/6,360,355-365
2016/2/6,400,395-405
2016/2/16,350,345-355
2016/2/1,335,330-340
2016/2/1,325,320-330
2016/2/18,370,365-375
2016/2/18,415,410-420
2016/2/17,355,350-360
2016/2/17,345,340-350
2016/1/27,280,275-285
2016/1/27,260,255-265
2016/2/19,360,355-365
2016/2/4,340,335-345
2016/2/4,330,325-335
2016/2/5,305,300-310
2016/2/5,335,330-340
2016/1/29,295,290-300
2016/2/4,335,330-340
2016/2/4,325,320-330
2016/2/2,255,250-260
2016/2/3,255,250-260
2016/5/30,360,355-365
2016/6/27,520,515-525
2016/6/27,390,385-395
2016/5/26,360,355-365
2016/5/26,360,355-365
2016/6/27,530,525-535
2016/6/27,405,400-410
2016/5/27,360,355-365
2016/5/27,360,355-365
2016/6/28,530,525-535
2016/6/28,410,405-415
2016/6/24,395,390-400
2016/1/26,250,245-255
2016/1/28,265,260-270
2016/1/28,255,250-260
2016/5/20,380,375-385
2016/5/20,330,325-335
2016/6/23,505,500-510
2016/5/24,290,285-295
2016/5/24,275,270-280
2016/2/24,300,295-305
2016/2/24,390,385-395
2016/5/25,370,365-375
2016/4/20,440,435-445
2016/4/20,440,435-445
2016/5/19,380,375-385
2016/4/27,450,445-455
2016/4/27,430,425-435
2016/2/22,315,310-320
2016/2/22,300,295-305
2016/3/25,330,325-335
2016/2/23,395,390-400
2016/2/23,440,435-445
2016/2/6,340,335-345
2016/2/16,340,335-345
2016/2/1,310,305-315
2016/2/1,295,290-300
2016/2/18,355,350-360
2016/2/18,345,340-350
2016/2/17,320,315-325
2016/1/27,250,245-255
2016/2/19,350,345-355
2016/2/19,325,320-330
2016/2/4,305,300-310
2016/2/4,335,330-340
2016/2/5,325,320-330
2016/2/5,310,305-315
2016/1/29,285,280-290
2016/2/4,310,305-315
2016/2/4,295,290-300
2016/5/30,360,355-365
2016/7/21,440,435-445
2016/6/29,420,415-425
2016/6/27,510,505-515
2016/6/27,380,375-385
2016/6/30,425,420-430
2016/5/26,330,325-335
2016/5/26,332,327-337
2016/6/27,520,515-525
2016/6/27,395,390-400
2016/5/27,330,325-335
2016/6/28,520,515-525
2016/6/28,400,395-405
2016/6/24,515,510-520
2016/6/24,385,380-390
2016/5/20,310,305-315
2016/5/20,320,315-325
2016/6/23,375,370-380
2016/6/23,375,370-380
2016/5/24,275,270-280
2016/5/24,430,425-435
2016/2/24,435,430-440
2016/2/24,380,375-385
2016/5/25,340,335-345
2016/5/25,345,340-350
2016/4/20,425,420-430
2016/5/19,330,325-335
2016/5/19,310,305-315
2016/4/27,430,425-435
2016/4/27,420,415-425
2016/2/22,395,390-400
2016/3/25,455,450-460
2016/2/23,385,380-390
2016/2/23,370,365-375
2016/2/6,330,325-335
2016/2/16,315,310-320
2016/2/16,345,340-350
2016/2/1,285,280-290
2016/2/18,320,315-325
2016/2/17,350,345-355
2016/2/19,355,350-360
2016/2/19,345,340-350
2016/2/4,325,320-330
2016/2/4,310,305-315
2016/2/5,295,290-300
2016/1/29,265,260-270
2016/2/4,285,280-290
2016/5/30,330,325-335
2016/5/30,332,327-337
2016/7/21,550,545-555
2016/7/21,430,425-435
2016/6/29,530,525-535
2016/6/29,410,405-415
2016/6/27,380,375-385
2016/6/30,540,535-545
2016/5/26,285,280-290
2016/5/26,275,270-280
2016/6/27,395,390-400
2016/7/22,435,430-440
2016/5/27,332,327-337
2016/6/28,400,395-405
2016/6/24,505,500-510
2016/6/24,375,370-380
2016/5/20,458,453-463
2016/5/20,540,535-545
2016/6/23,345,340-350
2016/5/24,490,485-495
2016/2/24,365,360-370
2016/5/25,290,285-295
2016/5/25,275,270-280
2016/4/20,380,375-385
2016/4/20,370,365-375
2016/5/19,320,315-325
2016/5/19,465,460-470
2016/4/27,380,375-385
2016/4/27,370,365-375
2016/2/22,440,435-445
2016/3/25,520,515-525
2016/3/25,420,415-425
2016/2/23,345,340-350
2016/2/6,305,300-310
2016/2/6,335,330-340
2016/2/16,335,330-340
2016/2/1,265,260-270
2016/2/1,255,250-260
2016/2/18,350,345-355
2016/2/18,340,335-345
2016/2/17,340,335-345
2016/2/19,335,330-340
2016/2/19,315,310-320
2016/2/4,295,290-300
2016/2/5,285,280-290
2016/2/5,265,260-270
2016/1/29,255,250-260
2016/2/4,265,260-270
2016/5/30,285,280-290
2016/5/30,275,270-280
2016/7/21,540,535-545
2016/7/21,420,415-425
2016/6/29,520,515-525
2016/6/27,350,345-355
2016/6/27,355,350-360
2016/6/30,415,410-420
2016/6/30,525,520-530
2016/5/26,275,270-280
2016/6/27,355,350-360
2016/6/27,355,350-360
2016/7/22,545,540-550
2016/7/22,425,420-430
2016/5/27,285,280-290
2016/5/27,275,270-280
2016/6/28,355,350-360
2016/6/28,355,350-360
2016/6/24,375,370-380
2016/6/24,345,340-350
2016/5/20,440,435-445
2016/5/20,430,425-435
2016/6/23,350,345-355
2016/6/23,325,320-330
2016/5/24,390,385-395
2016/5/24,385,380-390
2016/2/24,345,340-350
2016/2/24,375,370-380
2016/5/25,275,270-280
2016/4/20,530,525-535
2016/4/20,585,580-590
2016/5/19,540,535-545
2016/5/19,440,435-445
2016/4/27,530,525-535
2016/2/22,385,380-390
2016/2/22,370,365-375
2016/3/25,415,410-420
2016/3/25,390,385-395
2016/2/23,375,370-380
2016/2/6,325,320-330
2016/2/6,310,305-315
2016/2/16,320,315-325
2016/2/16,305,300-310
2016/2/18,330,325-335
2016/2/18,310,305-315
2016/2/17,330,325-335
2016/2/17,310,305-315
2016/2/19,305,300-310
2016/2/19,285,280-290
2016/2/4,285,280-290
2016/2/4,265,260-270
2016/2/5,255,250-260
2016/2/4,255,250-260
2016/5/30,275,270-280
2016/7/21,415,410-420
2016/6/29,400,395-405
2016/6/27,330,325-335
2016/6/30,405,400-410
2016/5/26,425,420-430
2016/6/27,330,325-335
2016/6/27,320,315-325
2016/7/22,535,530-540
2016/5/27,275,270-280
2016/5/27,425,420-430
2016/6/28,345,340-350
2016/6/24,350,345-355
2016/6/24,325,320-330
2016/5/20,390,385-395
2016/6/23,300,295-305
2016/6/23,290,285-295
2016/5/24,340,335-345
2016/5/24,380,375-385
2016/2/24,365,360-370
2016/5/25,425,420-430
2016/5/25,490,485-495
2016/4/20,490,485-495
2016/5/19,430,425-435
2016/4/27,580,575-585
2016/4/27,480,475-485
2016/2/22,345,340-350
2016/3/25,425,420-430
2016/2/23,365,360-370
2016/2/23,355,350-360
2016/2/6,295,290-300
2016/2/16,295,290-300
2016/2/16,275,270-280
2016/2/18,300,295-305
2016/2/18,280,275-285
2016/2/17,300,295-305
2016/2/19,275,270-280
2016/2/4,255,250-260
2016/5/30,425,420-430
2016/7/21,365,360-370
2016/7/21,360,355-365
2016/6/29,395,390-400
2016/6/29,355,350-360
2016/6/27,305,300-310
2016/6/30,400,395-405
2016/5/26,490,485-495
2016/5/26,390,385-395
2016/6/27,315,310-320
2016/6/27,450,445-455
2016/7/22,415,410-420
2016/7/22,410,405-415
2016/5/27,490,485-495
2016/5/27,390,385-395
2016/6/28,320,315-325
2016/6/24,300,295-305
2016/5/20,420,415-425
2016/5/20,400,395-405
2016/6/23,440,435-445
2016/5/24,360,355-365
2016/2/24,355,350-360
2016/2/24,335,330-340
2016/5/25,390,385-395
2016/4/20,480,475-485
2016/4/20,450,445-455
2016/5/19,390,385-395
2016/5/19,420,415-425
2016/4/27,460,455-465
2016/2/22,375,370-380
2016/2/22,365,360-370
2016/3/25,415,410-420
2016/3/25,405,400-410
2016/2/23,335,330-340
2016/2/23,325,320-330
2016/2/6,285,280-290
2016/2/16,265,260-270
2016/2/18,270,265-275
2016/2/17,280,275-285
2016/2/17,270,265-275
2016/5/30,490,485-495
2016/5/30,390,385-395
2016/7/21,375,370-380
2016/6/29,355,350-360
2016/6/27,295,290-300
2016/6/27,445,440-450
2016/6/30,365,360-370
2016/6/30,365,360-370
2016/5/26,385,380-390
2016/5/26,340,335-345
2016/6/27,490,485-495
2016/6/27,430,425-435
2016/7/22,360,355-365
2016/7/22,355,350-360
2016/5/27,385,380-390
2016/5/27,340,335-345
2016/5/27,380,375-385
2016/6/28,315,310-320
2016/6/24,290,285-295
2016/6/24,440,435-445
2016/6/24,470,465-475
2016/5/20,390,385-395
2016/6/23,470,465-475
2016/5/24,350,345-355
2016/5/24,340,335-345
2016/2/24,325,320-330
2016/5/25,385,380-390
2016/5/25,340,335-345
2016/4/20,490,485-495
2016/4/20,480,475-485
2016/5/19,400,395-405
2016/5/19,390,385-395
2016/4/27,410,405-415
2016/4/27,470,465-475
2016/2/22,355,350-360
2016/2/22,335,330-340
2016/3/25,390,385-395
2016/2/23,305,300-310
2016/2/6,265,260-270
2016/5/30,385,380-390
2016/7/21,345,340-350
2016/6/29,345,340-350
2016/6/27,475,470-480
2016/6/30,345,340-350
2016/5/26,380,375-385
2016/5/26,360,355-365
2016/6/27,415,410-420
2016/7/22,360,355-365
2016/5/27,360,355-365
2016/6/28,455,450-460
2016/6/24,410,405-415
2016/5/20,380,375-385
2016/6/23,410,405-415
2016/5/24,330,325-335
2016/2/24,305,300-310
2016/5/25,380,375-385
2016/4/20,470,465-475
2016/5/19,380,375-385
2016/4/27,460,455-465
2016/2/22,325,320-330
2016/3/25,380,375-385
2016/2/23,295,290-300
2016/2/6,255,250-260
2016/5/30,340,335-345
2016/7/21,340,335-345
2016/7/21,495,490-500
2016/6/29,325,320-330
2016/6/27,415,410-420
2016/6/30,330,325-335
2016/5/26,350,345-355
2016/6/27,350,345-355
2016/7/22,340,335-345
2016/5/27,350,345-355
2016/6/28,490,485-495
2016/6/24,400,395-405
2016/5/20,370,365-375
2016/6/23,400,395-405
2016/5/24,320,315-325
2016/2/24,295,290-300
2016/5/25,360,355-365
2016/4/20,455,450-460
2016/5/19,370,365-375
2016/4/27,450,445-455
2016/2/22,305,300-310
2016/3/25,360,355-365
2016/5/30,380,375-385
2016/5/30,360,355-365
2016/7/21,515,510-520
2016/7/21,450,445-455
2016/6/29,315,310-320
2016/6/27,405,400-410
2016/6/30,320,315-325
2016/5/26,340,335-345
2016/6/27,340,335-345
2016/7/22,335,330-340
2016/5/27,340,335-345
2016/6/28,435,430-440
2016/6/24,345,340-350
2016/5/20,360,355-365
2016/6/23,345,340-350
2016/5/24,310,305-315
2016/5/25,350,345-355
2016/4/20,435,430-440
2016/4/20,425,420-430
2016/5/19,360,355-365
2016/4/27,435,430-440
2016/2/22,295,290-300
2016/3/25,350,345-355
2016/5/30,350,345-355
2016/7/21,440,435-445
2016/6/29,460,455-465
2016/6/27,350,345-355
2016/6/30,470,465-475
2016/5/26,330,325-335
2016/6/27,330,325-335
2016/7/22,490,485-495
2016/5/27,330,325-335
2016/6/28,420,415-425
2016/6/24,330,325-335
2016/5/20,350,345-355
2016/6/23,330,325-335
2016/5/25,340,335-345
2016/5/25,330,325-335
2016/4/20,415,410-420
2016/5/19,350,345-355
2016/4/27,415,410-420
2016/5/30,340,335-345
2016/7/21,390,385-395
2016/6/29,490,485-495
2016/6/27,335,330-340
2016/6/27,325,320-330
2016/6/30,500,495-505
2016/5/26,320,315-325
2016/6/27,320,315-325
2016/7/22,510,505-515
2016/5/27,320,315-325
2016/6/28,350,345-355
2016/6/24,320,315-325
2016/6/23,320,315-325
2016/5/25,320,315-325
2016/5/25,310,305-315
2016/4/27,405,400-410
2016/5/30,330,325-335
2016/7/21,380,375-385
2016/6/29,435,430-440
2016/6/27,315,310-320
2016/6/30,445,440-450
2016/5/26,310,305-315
2016/6/27,310,305-315
2016/7/22,440,435-445
2016/5/27,310,305-315
2016/6/28,340,335-345
2016/6/24,310,305-315
2016/6/23,310,305-315
2016/4/27,395,390-400
2016/5/30,320,315-325
2016/7/21,370,365-375
2016/7/21,360,355-365
2016/6/29,420,415-425
2016/6/29,360,355-365
2016/6/27,305,300-310
2016/6/30,425,420-430
2016/6/30,370,365-375
2016/6/27,300,295-305
2016/7/22,435,430-440
2016/7/22,385,380-390
2016/6/28,330,325-335
2016/6/24,300,295-305
2016/6/23,300,295-305
2016/5/30,310,305-315
2016/7/21,350,345-355
2016/6/29,340,335-345
2016/6/27,295,290-300
2016/6/30,360,355-365
2016/6/27,290,285-295
2016/7/22,375,370-380
2016/6/28,320,315-325
2016/6/28,310,305-315
2016/6/24,290,285-295
2016/6/23,290,285-295
2016/6/23,280,275-285
2016/7/21,340,335-345
2016/7/21,330,325-335
2016/6/29,330,325-335
2016/6/29,320,315-325
2016/6/27,285,280-290
2016/6/27,275,270-280
2016/6/30,350,345-355
2016/6/27,280,275-285
2016/7/22,365,360-370
2016/7/22,355,350-360
2016/6/28,300,295-305
2016/6/24,280,275-285
2016/6/24,270,265-275
2016/6/23,270,265-275
2016/7/21,320,315-325
2016/6/29,310,305-315
2016/6/29,300,295-305
2016/6/30,340,335-345
2016/6/30,330,325-335
2016/7/22,345,340-350
2016/7/22,335,330-340
2016/6/28,290,285-295
2016/6/28,280,275-285
2016/6/29,290,285-295
2016/6/29,280,275-285
2016/6/30,320,315-325
2016/7/22,325,320-330
2016/7/22,315,310-320
2016/6/30,310,305-315
2016/6/30,300,295-305
