58949,弹簧钢,60Si2Mn,热轧,Φ6.5-12,南钢,3600,-,全国,,2016-08-09
58950,弹簧钢,60Si2Mn,热轧,Φ13-180,南钢,3800,-,全国,,2016-08-09
58970,弹簧钢,60Si2Mn,热轧,Φ6.5-12,南钢,3600,-,全国,,2016-08-08
58973,弹簧钢,60Si2Mn,热轧,Φ6.5-12,南钢,3600,-,全国,,2016-08-05
59001,弹簧钢,60Si2Mn,热轧,Φ13-180,南钢,3800,-,全国,,2016-08-08
59003,弹簧钢,60Si2Mn,热轧,Φ13-180,南钢,3800,-,全国,,2016-08-05
59060,弹簧钢,60Si2Mn,热轧,Φ6.5-12,南钢,3600,-,全国,,2016-08-03
59094,弹簧钢,60Si2Mn,热轧,Φ13-180,南钢,3800,-,全国,,2016-08-03
59097,弹簧钢,60Si2Mn,热轧,Φ6.5-12,南钢,3600,-,全国,,2016-08-02
59109,弹簧钢,60Si2Mn,热轧,Φ6.5-12,南钢,3600,-,全国,,2016-08-01
59134,弹簧钢,60Si2Mn,热轧,Φ13-180,南钢,3800,-,全国,,2016-08-02
59139,弹簧钢,60Si2Mn,热轧,Φ6.5-12,南钢,3600,-,全国,,2016-07-28
59140,弹簧钢,60Si2Mn,热轧,Φ13-180,南钢,3800,-,全国,,2016-07-28
59145,弹簧钢,60Si2Mn,热轧,Φ13-180,南钢,3800,-,全国,,2016-08-01
59172,弹簧钢,60Si2Mn,热轧,Φ6.5-12,南钢,3600,-,全国,,2016-07-27
59214,弹簧钢,60Si2Mn,热轧,Φ6.5-12,南钢,3600,-,全国,,2016-07-29
59215,弹簧钢,60Si2Mn,热轧,Φ13-180,南钢,3800,-,全国,,2016-07-27
59222,弹簧钢,60Si2Mn,热轧,Φ6.5-12,南钢,3600,-,全国,,2016-08-04
59223,弹簧钢,60Si2Mn,热轧,Φ13-180,南钢,3800,-,全国,,2016-08-04
59267,弹簧钢,60Si2Mn,热轧,Φ13-180,南钢,3800,-,全国,,2016-07-29
81588,弹簧钢,60Si2Mn,热轧,Φ6.5-12,南钢,3840,-,全国,,2016-06-15
81589,弹簧钢,60Si2Mn,热轧,Φ13-180,南钢,4040,-,全国,,2016-06-15
81615,弹簧钢,60Si2Mn,热轧,Φ6.5-12,南钢,3560,-,全国,,2016-03-08
81617,弹簧钢,60Si2Mn,热轧,Φ5.5-14,沙钢,3600,-,全国,,2016-03-08
81621,弹簧钢,60Si2Mn,热轧,Φ13-180,南钢,3660,-,全国,,2016-03-08
81627,弹簧钢,60Si2Mn,热轧,Φ5.5-14,沙钢,4030,-20,全国,,2015-12-22
81641,弹簧钢,60Si2Mn,热轧,Φ6.5-12,南钢,3560,-,全国,,2016-03-07
81646,弹簧钢,60Si2Mn,热轧,Φ5.5-14,沙钢,3600,-,全国,,2016-03-07
81647,弹簧钢,60Si2Mn,热轧,Φ13-180,南钢,3660,-,全国,,2016-03-07
81652,弹簧钢,60Si2Mn,热轧,Φ5.5-14,沙钢,4000,-,全国,,2016-01-07
81690,弹簧钢,60Si2Mn,热轧,Φ6.5-12,南钢,3560,-,全国,,2016-02-23
81706,弹簧钢,60Si2Mn,热轧,Φ5.5-14,沙钢,4050,-,全国,,2015-12-21
81707,弹簧钢,60Si2Mn,热轧,Φ5.5-14,沙钢,3700,-,全国,,2016-02-23
81708,弹簧钢,60Si2Mn,热轧,Φ13-180,南钢,3660,-,全国,,2016-02-23
81714,弹簧钢,60Si2Mn,热轧,Φ6.5-12,南钢,3540,-,全国,,2016-07-12
81732,弹簧钢,60Si2Mn,热轧,Φ13-180,南钢,3740,-,全国,,2016-07-12
81735,弹簧钢,60Si2Mn,热轧,Φ6.5-12,南钢,3540,-,全国,,2016-07-08
81736,弹簧钢,60Si2Mn,热轧,Φ13-180,南钢,3740,-,全国,,2016-07-08
81737,弹簧钢,60Si2Mn,热轧,Φ6.5-12,南钢,3560,-,全国,,2016-02-03
81738,弹簧钢,60Si2Mn,热轧,Φ5.5-14,沙钢,3750,-,全国,,2016-02-03
81741,弹簧钢,60Si2Mn,热轧,Φ6.5-12,南钢,3540,-300,全国,,2016-07-06
81742,弹簧钢,60Si2Mn,热轧,Φ13-180,南钢,3740,-300,全国,,2016-07-06
81744,弹簧钢,60Si2Mn,热轧,Φ6.5-12,南钢,3540,-,全国,,2016-07-11
81751,弹簧钢,60Si2Mn,热轧,Φ13-180,南钢,3660,-,全国,,2016-02-03
81756,弹簧钢,60Si2Mn,热轧,Φ13-180,南钢,3740,-,全国,,2016-07-11
81799,弹簧钢,60Si2Mn,热轧,Φ6.5-12,南钢,3540,-,全国,,2016-07-07
81800,弹簧钢,60Si2Mn,热轧,Φ13-180,南钢,3740,-,全国,,2016-07-07
81858,弹簧钢,60Si2Mn,热轧,Φ5.5-14,沙钢,4320,-,全国,,2015-08-26
81876,弹簧钢,60Si2Mn,热轧,Φ5.5-14,沙钢,4320,-,全国,,2015-08-25
81902,弹簧钢,60Si2Mn,热轧,Φ5.5-14,沙钢,4150,-,全国,,2015-11-02
81924,弹簧钢,60Si2Mn,热轧,Φ5.5-14,沙钢,4150,-,全国,,2015-11-05
81931,弹簧钢,60Si2Mn,热轧,Φ5.5-14,沙钢,4150,-,全国,,2015-11-06
81942,弹簧钢,60Si2Mn,热轧,Φ5.5-14,沙钢,4150,-,全国,,2015-11-04
81944,弹簧钢,60Si2Mn,热轧,Φ5.5-14,沙钢,4150,-,全国,,2015-11-09
81957,弹簧钢,60Si2Mn,热轧,Φ5.5-14,沙钢,4150,-,全国,,2015-11-10
81967,弹簧钢,60Si2Mn,热轧,Φ5.5-14,沙钢,4150,-,全国,,2015-11-03
82021,弹簧钢,60Si2Mn,热轧,Φ5.5-14,沙钢,4480,-50,全国,,2015-06-23
82038,弹簧钢,60Si2Mn,热轧,Φ5.5-14,沙钢,4480,-,全国,,2015-06-26
82043,弹簧钢,60Si2Mn,热轧,Φ5.5-14,沙钢,4480,-,全国,,2015-06-29
82061,弹簧钢,60Si2Mn,热轧,Φ5.5-14,沙钢,4480,-,全国,,2015-06-24
82071,弹簧钢,60Si2Mn,热轧,Φ5.5-14,沙钢,4150,-,全国,,2015-10-30
82073,弹簧钢,60Si2Mn,热轧,Φ5.5-14,沙钢,4530,-,全国,,2015-06-19
82086,弹簧钢,60Si2Mn,热轧,Φ5.5-14,沙钢,4480,-,全国,,2015-06-25
82122,弹簧钢,60Si2Mn,热轧,Φ5.5-14,沙钢,4480,-,全国,,2015-06-30
82138,弹簧钢,60Si2Mn,热轧,Φ5.5-14,沙钢,4550,-,全国,,2015-06-17
82139,弹簧钢,60Si2Mn,热轧,Φ5.5-14,沙钢,4530,-20,全国,,2015-06-18
82141,弹簧钢,60Si2Mn,热轧,Φ5.5-14,沙钢,4550,-,全国,,2015-06-16
82225,弹簧钢,60Si2Mn,热轧,Φ5.5-14,沙钢,4380,-,全国,,2015-07-13
82226,弹簧钢,60Si2Mn,热轧,Φ5.5-14,沙钢,4380,-,全国,,2015-07-14
82257,弹簧钢,60Si2Mn,热轧,Φ5.5-14,沙钢,4600,-,全国,,2015-06-01
82273,弹簧钢,60Si2Mn,热轧,Φ5.5-14,沙钢,4600,-,全国,,2015-05-27
82276,弹簧钢,60Si2Mn,热轧,Φ5.5-14,沙钢,4600,-,全国,,2015-05-29
82278,弹簧钢,60Si2Mn,热轧,Φ5.5-14,沙钢,4600,-,全国,,2015-05-26
82325,弹簧钢,60Si2Mn,热轧,Φ5.5-14,沙钢,4600,-,全国,,2015-05-19
82333,弹簧钢,60Si2Mn,热轧,Φ5.5-14,沙钢,4600,-,全国,,2015-05-25
82336,弹簧钢,60Si2Mn,热轧,Φ5.5-14,沙钢,4600,-,全国,,2015-05-22
82342,弹簧钢,60Si2Mn,热轧,Φ5.5-14,沙钢,4600,-,全国,,2015-05-28
82369,弹簧钢,60Si2Mn,热轧,Φ5.5-14,沙钢,4380,-20,全国,,2015-07-10
82371,弹簧钢,60Si2Mn,热轧,Φ5.5-14,沙钢,4600,-,全国,,2015-05-21
82376,弹簧钢,60Si2Mn,热轧,Φ5.5-14,沙钢,4600,-,全国,,2015-05-20
82440,弹簧钢,60Si2Mn,热轧,Φ5.5-14,沙钢,4400,-,全国,,2015-07-07
82445,弹簧钢,60Si2Mn,热轧,Φ5.5-14,沙钢,4400,-,全国,,2015-07-06
82456,弹簧钢,60Si2Mn,热轧,Φ5.5-14,沙钢,4400,-,全国,,2015-07-09
82458,弹簧钢,60Si2Mn,热轧,Φ5.5-14,沙钢,4400,-,全国,,2015-07-08
82500,弹簧钢,60Si2Mn,热轧,Φ5.5-14,沙钢,4400,-,全国,,2015-07-03
82503,弹簧钢,60Si2Mn,热轧,Φ5.5-14,沙钢,4400,-80,全国,,2015-07-01
82515,弹簧钢,60Si2Mn,热轧,Φ5.5-14,沙钢,4400,-,全国,,2015-07-02
82553,弹簧钢,60Si2Mn,热轧,Φ5.5-14,沙钢,4550,-,全国,,2015-06-15
82560,弹簧钢,60Si2Mn,热轧,Φ5.5-14,沙钢,4550,-,全国,,2015-06-10
82588,弹簧钢,60Si2Mn,热轧,Φ5.5-14,沙钢,4550,-50,全国,,2015-06-03
82599,弹簧钢,60Si2Mn,热轧,Φ5.5-14,沙钢,4550,-,全国,,2015-06-09
82613,弹簧钢,60Si2Mn,热轧,Φ5.5-14,沙钢,4550,-,全国,,2015-06-12
82617,弹簧钢,60Si2Mn,热轧,Φ5.5-14,沙钢,4550,-,全国,,2015-06-11
82635,弹簧钢,60Si2Mn,热轧,Φ5.5-14,沙钢,4320,-,全国,,2015-08-11
82648,弹簧钢,60Si2Mn,热轧,Φ5.5-14,沙钢,4550,-,全国,,2015-06-08
82661,弹簧钢,60Si2Mn,热轧,Φ5.5-14,沙钢,4320,-,全国,,2015-08-10
82690,弹簧钢,60Si2Mn,热轧,Φ5.5-14,沙钢,4320,-30,全国,,2015-08-06
82716,弹簧钢,60Si2Mn,热轧,Φ5.5-14,沙钢,4350,-,全国,,2015-08-05
82726,弹簧钢,60Si2Mn,热轧,Φ5.5-14,沙钢,4350,-,全国,,2015-08-04
82730,弹簧钢,60Si2Mn,热轧,Φ5.5-14,沙钢,4350,-,全国,,2015-08-03
82736,弹簧钢,60Si2Mn,热轧,Φ5.5-14,沙钢,4550,-,全国,,2015-06-05
82739,弹簧钢,60Si2Mn,热轧,Φ5.5-14,沙钢,4550,-,全国,,2015-06-04
82748,弹簧钢,60Si2Mn,热轧,Φ5.5-14,沙钢,4320,-,全国,,2015-08-07
82784,弹簧钢,60Si2Mn,热轧,Φ5.5-14,沙钢,4350,-,全国,,2015-07-29
82791,弹簧钢,60Si2Mn,热轧,Φ5.5-14,沙钢,4350,-,全国,,2015-07-31
82807,弹簧钢,60Si2Mn,热轧,Φ5.5-14,沙钢,4350,-,全国,,2015-07-30
82849,弹簧钢,60Si2Mn,热轧,Φ5.5-14,沙钢,4600,-,全国,,2015-06-02
82900,弹簧钢,60Si2Mn,热轧,Φ5.5-14,沙钢,4600,-,全国,,2015-05-18
82906,弹簧钢,60Si2Mn,热轧,Φ5.5-14,沙钢,4600,-,全国,,2015-05-15
82931,弹簧钢,60Si2Mn,热轧,Φ5.5-14,沙钢,4350,-,全国,,2015-07-27
82946,弹簧钢,60Si2Mn,热轧,Φ5.5-14,沙钢,4380,-,全国,,2015-07-22
82949,弹簧钢,60Si2Mn,热轧,Φ5.5-14,沙钢,4380,-,全国,,2015-07-21
82986,弹簧钢,60Si2Mn,热轧,Φ5.5-14,沙钢,4350,-30,全国,,2015-07-24
82994,弹簧钢,60Si2Mn,热轧,Φ5.5-14,沙钢,4380,-,全国,,2015-07-23
83005,弹簧钢,60Si2Mn,热轧,Φ5.5-14,沙钢,4380,-,全国,,2015-07-16
83007,弹簧钢,60Si2Mn,热轧,Φ5.5-14,沙钢,4380,-,全国,,2015-07-20
83015,弹簧钢,60Si2Mn,热轧,Φ5.5-14,沙钢,4380,-,全国,,2015-07-17
83028,弹簧钢,60Si2Mn,热轧,Φ5.5-14,沙钢,4350,-,全国,,2015-07-28
83069,弹簧钢,60Si2Mn,热轧,Φ5.5-14,沙钢,4380,-,全国,,2015-07-15
83102,弹簧钢,60Si2Mn,热轧,Φ5.5-14,沙钢,4150,-,全国,,2015-10-28
83110,弹簧钢,60Si2Mn,热轧,Φ5.5-14,沙钢,4150,-,全国,,2015-10-26
83129,弹簧钢,60Si2Mn,热轧,Φ5.5-14,沙钢,4200,-,全国,,2015-10-22
83140,弹簧钢,60Si2Mn,热轧,Φ5.5-14,沙钢,4150,-50,全国,,2015-10-23
83166,弹簧钢,60Si2Mn,热轧,Φ5.5-14,沙钢,4200,-,全国,,2015-10-20
83184,弹簧钢,60Si2Mn,热轧,Φ5.5-14,沙钢,4200,-30,全国,,2015-10-19
83218,弹簧钢,60Si2Mn,热轧,Φ5.5-14,沙钢,4150,-,全国,,2015-10-27
83229,弹簧钢,60Si2Mn,热轧,Φ5.5-14,沙钢,4230,-,全国,,2015-10-16
83230,弹簧钢,60Si2Mn,热轧,Φ5.5-14,沙钢,4250,-50,全国,,2015-10-14
83232,弹簧钢,60Si2Mn,热轧,Φ5.5-14,沙钢,4200,-,全国,,2015-10-21
83240,弹簧钢,60Si2Mn,热轧,Φ5.5-14,沙钢,4150,-,全国,,2015-10-29
83285,弹簧钢,60Si2Mn,热轧,Φ5.5-14,沙钢,4230,-20,全国,,2015-10-15
83287,弹簧钢,60Si2Mn,热轧,Φ5.5-14,沙钢,4050,-,全国,,2015-12-08
83305,弹簧钢,60Si2Mn,热轧,Φ5.5-14,沙钢,4050,-,全国,,2015-12-07
83310,弹簧钢,60Si2Mn,热轧,Φ5.5-14,沙钢,4050,-50,全国,,2015-12-02
83316,弹簧钢,60Si2Mn,热轧,Φ5.5-14,沙钢,4100,-,全国,,2015-12-01
83343,弹簧钢,60Si2Mn,热轧,Φ5.5-14,沙钢,4100,-,全国,,2015-11-26
83345,弹簧钢,60Si2Mn,热轧,Φ5.5-14,沙钢,4050,-,全国,,2015-12-03
83355,弹簧钢,60Si2Mn,热轧,Φ5.5-14,沙钢,4100,-,全国,,2015-11-27
83397,弹簧钢,60Si2Mn,热轧,Φ5.5-14,沙钢,4100,-,全国,,2015-11-25
83416,弹簧钢,60Si2Mn,热轧,Φ5.5-14,沙钢,4320,-,全国,,2015-08-19
83418,弹簧钢,60Si2Mn,热轧,Φ5.5-14,沙钢,4320,-,全国,,2015-08-21
83420,弹簧钢,60Si2Mn,热轧,Φ5.5-14,沙钢,4320,-,全国,,2015-08-24
83421,弹簧钢,60Si2Mn,热轧,Φ5.5-14,沙钢,4050,-,全国,,2015-12-04
83457,弹簧钢,60Si2Mn,热轧,Φ5.5-14,沙钢,4320,-,全国,,2015-08-20
83485,弹簧钢,60Si2Mn,热轧,Φ5.5-14,沙钢,4100,-,全国,,2015-11-30
83487,弹簧钢,60Si2Mn,热轧,Φ5.5-14,沙钢,4320,-,全国,,2015-08-18
83557,弹簧钢,60Si2Mn,热轧,Φ5.5-14,沙钢,4320,-,全国,,2015-08-17
83565,弹簧钢,60Si2Mn,热轧,Φ5.5-14,沙钢,4300,-,全国,,2015-10-13
83598,弹簧钢,60Si2Mn,热轧,Φ5.5-14,沙钢,4320,-,全国,,2015-08-14
83612,弹簧钢,60Si2Mn,热轧,Φ5.5-14,沙钢,4300,-,全国,,2015-10-09
83658,弹簧钢,60Si2Mn,热轧,Φ5.5-14,沙钢,4300,-,全国,,2015-10-12
83664,弹簧钢,60Si2Mn,热轧,Φ5.5-14,沙钢,4320,-,全国,,2015-08-13
83665,弹簧钢,60Si2Mn,热轧,Φ5.5-14,沙钢,4300,-,全国,,2015-10-10
83695,弹簧钢,60Si2Mn,热轧,Φ5.5-14,沙钢,4300,-,全国,,2015-09-30
83698,弹簧钢,60Si2Mn,热轧,Φ5.5-14,沙钢,4100,-,全国,,2015-11-23
83702,弹簧钢,60Si2Mn,热轧,Φ5.5-14,沙钢,4100,-,全国,,2015-11-24
83732,弹簧钢,60Si2Mn,热轧,Φ5.5-14,沙钢,4100,-50,全国,,2015-11-18
83758,弹簧钢,60Si2Mn,热轧,Φ5.5-14,沙钢,4150,-,全国,,2015-11-16
83762,弹簧钢,60Si2Mn,热轧,Φ5.5-14,沙钢,4150,-,全国,,2015-11-13
83775,弹簧钢,60Si2Mn,热轧,Φ5.5-14,沙钢,4100,-,全国,,2015-11-19
83784,弹簧钢,60Si2Mn,热轧,Φ5.5-14,沙钢,4100,-,全国,,2015-11-20
83814,弹簧钢,60Si2Mn,热轧,Φ5.5-14,沙钢,4300,-,全国,,2015-09-28
83818,弹簧钢,60Si2Mn,热轧,Φ5.5-14,沙钢,4150,-,全国,,2015-11-12
83822,弹簧钢,60Si2Mn,热轧,Φ5.5-14,沙钢,4150,-,全国,,2015-11-17
83842,弹簧钢,60Si2Mn,热轧,Φ5.5-14,沙钢,4300,-,全国,,2015-09-29
83892,弹簧钢,60Si2Mn,热轧,Φ5.5-14,沙钢,4300,-,全国,,2015-09-23
83903,弹簧钢,60Si2Mn,热轧,Φ5.5-14,沙钢,4150,-,全国,,2015-11-11
83928,弹簧钢,60Si2Mn,热轧,Φ5.5-14,沙钢,4300,-,全国,,2015-09-18
83935,弹簧钢,60Si2Mn,热轧,Φ5.5-14,沙钢,4320,-,全国,,2015-08-12
83942,弹簧钢,60Si2Mn,热轧,Φ5.5-14,沙钢,4300,-,全国,,2015-09-24
83979,弹簧钢,60Si2Mn,热轧,Φ5.5-14,沙钢,4300,-,全国,,2015-09-25
83989,弹簧钢,60Si2Mn,热轧,Φ5.5-14,沙钢,4300,-,全国,,2015-09-22
84021,弹簧钢,60Si2Mn,热轧,Φ5.5-14,沙钢,4300,-20,全国,,2015-09-14
84040,弹簧钢,60Si2Mn,热轧,Φ5.5-14,沙钢,4300,-,全国,,2015-09-21
84082,弹簧钢,60Si2Mn,热轧,Φ5.5-14,沙钢,4300,-,全国,,2015-09-17
84085,弹簧钢,60Si2Mn,热轧,Φ5.5-14,沙钢,4320,-,全国,,2015-09-10
84089,弹簧钢,60Si2Mn,热轧,Φ5.5-14,沙钢,4300,-,全国,,2015-09-16
84108,弹簧钢,60Si2Mn,热轧,Φ5.5-14,沙钢,4300,-,全国,,2015-09-15
84110,弹簧钢,60Si2Mn,热轧,Φ5.5-14,沙钢,4320,-,全国,,2015-09-09
84126,弹簧钢,60Si2Mn,热轧,Φ5.5-14,沙钢,4320,-,全国,,2015-09-11
84156,弹簧钢,60Si2Mn,热轧,Φ5.5-14,沙钢,4320,-,全国,,2015-09-02
84162,弹簧钢,60Si2Mn,热轧,Φ5.5-14,沙钢,4320,-,全国,,2015-09-06
84166,弹簧钢,60Si2Mn,热轧,Φ5.5-14,沙钢,4320,-,全国,,2015-09-07
84168,弹簧钢,60Si2Mn,热轧,Φ5.5-14,沙钢,4320,-,全国,,2015-09-08
84226,弹簧钢,60Si2Mn,热轧,Φ5.5-14,沙钢,4320,-,全国,,2015-08-31
84230,弹簧钢,60Si2Mn,热轧,Φ5.5-14,沙钢,4320,-,全国,,2015-09-01
84261,弹簧钢,60Si2Mn,热轧,Φ5.5-14,沙钢,4320,-,全国,,2015-08-28
84265,弹簧钢,60Si2Mn,热轧,Φ5.5-14,沙钢,4320,-,全国,,2015-08-27
85311,弹簧钢,60Si2Mn,热轧,Φ6.5-12,南钢,3840,-,全国,,2016-07-05
85312,弹簧钢,60Si2Mn,热轧,Φ13-180,南钢,4040,-,全国,,2016-07-05
85328,弹簧钢,60Si2Mn,热轧,Φ6.5-12,南钢,3840,-,全国,,2016-06-30
85331,弹簧钢,60Si2Mn,热轧,Φ13-180,南钢,4040,-,全国,,2016-06-30
85353,弹簧钢,60Si2Mn,热轧,Φ6.5-12,南钢,3840,-,全国,,2016-07-01
85355,弹簧钢,60Si2Mn,热轧,Φ13-180,南钢,4040,-,全国,,2016-07-01
85365,弹簧钢,60Si2Mn,热轧,Φ6.5-12,南钢,3840,-,全国,,2016-06-29
85366,弹簧钢,60Si2Mn,热轧,Φ13-180,南钢,4040,-,全国,,2016-06-29
85395,弹簧钢,60Si2Mn,热轧,Φ6.5-12,南钢,3840,-,全国,,2016-07-04
85396,弹簧钢,60Si2Mn,热轧,Φ13-180,南钢,4040,-,全国,,2016-07-04
86110,弹簧钢,60Si2Mn,热轧,Φ6.5-12,南钢,3560,-,全国,,2016-03-02
86111,弹簧钢,60Si2Mn,热轧,Φ5.5-14,沙钢,3700,-,全国,,2016-03-02
86118,弹簧钢,60Si2Mn,热轧,Φ13-180,南钢,3660,-,全国,,2016-03-02
86133,弹簧钢,60Si2Mn,热轧,Φ6.5-12,南钢,3560,-,全国,,2016-03-01
86138,弹簧钢,60Si2Mn,热轧,Φ5.5-14,沙钢,3700,-,全国,,2016-03-01
86139,弹簧钢,60Si2Mn,热轧,Φ13-180,南钢,3660,-,全国,,2016-03-01
86153,弹簧钢,60Si2Mn,热轧,Φ6.5-12,南钢,3560,-,全国,,2016-02-29
86154,弹簧钢,60Si2Mn,热轧,Φ5.5-14,沙钢,3700,-,全国,,2016-02-29
86161,弹簧钢,60Si2Mn,热轧,Φ13-180,南钢,3660,-,全国,,2016-02-29
86170,弹簧钢,60Si2Mn,热轧,Φ6.5-12,南钢,3560,-,全国,,2016-03-04
86181,弹簧钢,60Si2Mn,热轧,Φ5.5-14,沙钢,3600,-100,全国,,2016-03-04
86182,弹簧钢,60Si2Mn,热轧,Φ13-180,南钢,3660,-,全国,,2016-03-04
86207,弹簧钢,60Si2Mn,热轧,Φ6.5-12,南钢,3560,-,全国,,2016-02-26
86211,弹簧钢,60Si2Mn,热轧,Φ6.5-12,南钢,3560,-,全国,,2016-02-24
86226,弹簧钢,60Si2Mn,热轧,Φ5.5-14,沙钢,3700,-,全国,,2016-02-26
86227,弹簧钢,60Si2Mn,热轧,Φ13-180,南钢,3660,-,全国,,2016-02-26
86229,弹簧钢,60Si2Mn,热轧,Φ5.5-14,沙钢,3700,-,全国,,2016-02-24
86230,弹簧钢,60Si2Mn,热轧,Φ13-180,南钢,3660,-,全国,,2016-02-24
86231,弹簧钢,60Si2Mn,热轧,Φ6.5-12,南钢,3560,-,全国,,2016-02-01
86232,弹簧钢,60Si2Mn,热轧,Φ5.5-14,沙钢,3750,-,全国,,2016-02-01
86234,弹簧钢,60Si2Mn,热轧,Φ6.5-12,南钢,3560,-,全国,,2016-02-25
86240,弹簧钢,60Si2Mn,热轧,Φ6.5-12,南钢,3560,-,全国,,2016-03-03
86255,弹簧钢,60Si2Mn,热轧,Φ13-180,南钢,3660,-,全国,,2016-02-01
86257,弹簧钢,60Si2Mn,热轧,Φ5.5-14,沙钢,3700,-,全国,,2016-02-25
86258,弹簧钢,60Si2Mn,热轧,Φ13-180,南钢,3660,-,全国,,2016-02-25
86265,弹簧钢,60Si2Mn,热轧,Φ5.5-14,沙钢,3700,-,全国,,2016-03-03
86266,弹簧钢,60Si2Mn,热轧,Φ13-180,南钢,3660,-,全国,,2016-03-03
86275,弹簧钢,60Si2Mn,热轧,Φ6.5-12,南钢,3560,-,全国,,2016-02-02
86305,弹簧钢,60Si2Mn,热轧,Φ5.5-14,沙钢,3750,-,全国,,2016-02-02
86306,弹簧钢,60Si2Mn,热轧,Φ13-180,南钢,3660,-,全国,,2016-02-02
86307,弹簧钢,60Si2Mn,热轧,Φ6.5-12,南钢,3560,-,全国,,2016-01-27
86308,弹簧钢,60Si2Mn,热轧,Φ5.5-14,沙钢,3800,-,全国,,2016-01-27
86319,弹簧钢,60Si2Mn,热轧,Φ6.5-12,南钢,3560,-,全国,,2016-02-01
86326,弹簧钢,60Si2Mn,热轧,Φ6.5-12,南钢,3560,-,全国,,2016-01-25
86333,弹簧钢,60Si2Mn,热轧,Φ6.5-12,南钢,3560,-,全国,,2016-01-26
86335,弹簧钢,60Si2Mn,热轧,Φ13-180,南钢,3660,-,全国,,2016-01-27
86341,弹簧钢,60Si2Mn,热轧,Φ6.5-12,南钢,3560,-,全国,,2016-01-28
86342,弹簧钢,60Si2Mn,热轧,Φ5.5-14,沙钢,3750,-50,全国,,2016-01-28
86343,弹簧钢,60Si2Mn,热轧,Φ5.5-14,沙钢,3750,-,全国,,2016-02-01
86344,弹簧钢,60Si2Mn,热轧,Φ13-180,南钢,3660,-,全国,,2016-02-01
86352,弹簧钢,60Si2Mn,热轧,Φ5.5-14,沙钢,3800,-50,全国,,2016-01-25
86353,弹簧钢,60Si2Mn,热轧,Φ13-180,南钢,3660,-,全国,,2016-01-25
86356,弹簧钢,60Si2Mn,热轧,Φ6.5-12,南钢,3560,-,全国,,2016-01-22
86357,弹簧钢,60Si2Mn,热轧,Φ5.5-14,沙钢,3850,-50,全国,,2016-01-22
86359,弹簧钢,60Si2Mn,热轧,Φ5.5-14,沙钢,3800,-,全国,,2016-01-26
86360,弹簧钢,60Si2Mn,热轧,Φ13-180,南钢,3660,-,全国,,2016-01-26
86374,弹簧钢,60Si2Mn,热轧,Φ13-180,南钢,3660,-,全国,,2016-01-28
86391,弹簧钢,60Si2Mn,热轧,Φ13-180,南钢,3660,-,全国,,2016-01-22
86419,弹簧钢,60Si2Mn,热轧,Φ5.5-14,沙钢,4050,-,全国,,2015-12-18
86424,弹簧钢,60Si2Mn,热轧,Φ5.5-14,沙钢,4050,-,全国,,2015-12-14
86428,弹簧钢,60Si2Mn,热轧,Φ5.5-14,沙钢,4050,-,全国,,2015-12-17
86456,弹簧钢,60Si2Mn,热轧,Φ5.5-14,沙钢,4050,-,全国,,2015-12-15
86495,弹簧钢,60Si2Mn,热轧,Φ5.5-14,沙钢,4050,-,全国,,2015-12-16
86518,弹簧钢,60Si2Mn,热轧,Φ6.5-12,南钢,3560,-,全国,,2016-01-21
86550,弹簧钢,60Si2Mn,热轧,Φ5.5-14,沙钢,4050,-,全国,,2015-12-10
86553,弹簧钢,60Si2Mn,热轧,Φ5.5-14,沙钢,3900,-,全国,,2016-01-21
86554,弹簧钢,60Si2Mn,热轧,Φ13-180,南钢,3660,-,全国,,2016-01-21
86561,弹簧钢,60Si2Mn,热轧,Φ5.5-14,沙钢,4000,-,全国,,2016-01-06
86567,弹簧钢,60Si2Mn,热轧,Φ5.5-14,沙钢,4050,-,全国,,2015-12-09
86571,弹簧钢,60Si2Mn,热轧,Φ5.5-14,沙钢,4050,-,全国,,2015-12-11
86634,弹簧钢,60Si2Mn,热轧,Φ5.5-14,沙钢,4000,-,全国,,2016-01-05
86665,弹簧钢,60Si2Mn,热轧,Φ5.5-14,沙钢,4000,-,全国,,2016-01-04
86675,弹簧钢,60Si2Mn,热轧,Φ5.5-14,沙钢,4000,-30,全国,,2015-12-30
86677,弹簧钢,60Si2Mn,热轧,Φ5.5-14,沙钢,4030,-,全国,,2015-12-25
86692,弹簧钢,60Si2Mn,热轧,Φ5.5-14,沙钢,4030,-,全国,,2015-12-29
86694,弹簧钢,60Si2Mn,热轧,Φ5.5-14,沙钢,4000,-,全国,,2015-12-31
86713,弹簧钢,60Si2Mn,热轧,Φ5.5-14,沙钢,4030,-,全国,,2015-12-28
86745,弹簧钢,60Si2Mn,热轧,Φ5.5-14,沙钢,4030,-,全国,,2015-12-24
86770,弹簧钢,60Si2Mn,热轧,Φ6.5-12,南钢,3560,-,全国,,2016-03-15
86789,弹簧钢,60Si2Mn,热轧,Φ5.5-14,沙钢,4030,-,全国,,2015-12-23
86806,弹簧钢,60Si2Mn,热轧,Φ5.5-14,沙钢,3600,-,全国,,2016-03-15
86807,弹簧钢,60Si2Mn,热轧,Φ13-180,南钢,3660,-,全国,,2016-03-15
86819,弹簧钢,60Si2Mn,热轧,Φ6.5-12,南钢,3560,-,全国,,2016-03-18
86820,弹簧钢,60Si2Mn,热轧,Φ5.5-14,沙钢,3600,-,全国,,2016-03-18
86822,弹簧钢,60Si2Mn,热轧,Φ6.5-12,南钢,3560,-,全国,,2016-03-21
86854,弹簧钢,60Si2Mn,热轧,Φ6.5-12,南钢,3560,-,全国,,2016-03-10
86857,弹簧钢,60Si2Mn,热轧,Φ6.5-12,南钢,3560,-,全国,,2016-03-17
86861,弹簧钢,60Si2Mn,热轧,Φ13-180,南钢,3660,-,全国,,2016-03-18
86863,弹簧钢,60Si2Mn,热轧,Φ5.5-14,沙钢,3600,-,全国,,2016-03-21
86864,弹簧钢,60Si2Mn,热轧,Φ13-180,南钢,3660,-,全国,,2016-03-21
86867,弹簧钢,60Si2Mn,热轧,Φ6.5-12,南钢,3560,-,全国,,2016-03-16
86896,弹簧钢,60Si2Mn,热轧,Φ5.5-14,沙钢,3600,-,全国,,2016-03-10
86897,弹簧钢,60Si2Mn,热轧,Φ13-180,南钢,3660,-,全国,,2016-03-10
86900,弹簧钢,60Si2Mn,热轧,Φ5.5-14,沙钢,3600,-,全国,,2016-03-17
86901,弹簧钢,60Si2Mn,热轧,Φ13-180,南钢,3660,-,全国,,2016-03-17
86905,弹簧钢,60Si2Mn,热轧,Φ6.5-12,南钢,3560,-,全国,,2016-03-14
86910,弹簧钢,60Si2Mn,热轧,Φ5.5-14,沙钢,3600,-,全国,,2016-03-16
86911,弹簧钢,60Si2Mn,热轧,Φ13-180,南钢,3660,-,全国,,2016-03-16
86931,弹簧钢,60Si2Mn,热轧,Φ5.5-14,沙钢,4000,-,全国,,2016-01-15
86935,弹簧钢,60Si2Mn,热轧,Φ5.5-14,沙钢,4000,-,全国,,2016-01-19
86948,弹簧钢,60Si2Mn,热轧,Φ5.5-14,沙钢,3600,-,全国,,2016-03-14
86949,弹簧钢,60Si2Mn,热轧,Φ13-180,南钢,3660,-,全国,,2016-03-14
86968,弹簧钢,60Si2Mn,热轧,Φ6.5-12,南钢,3560,-,全国,,2016-03-09
86979,弹簧钢,60Si2Mn,热轧,Φ6.5-12,南钢,3560,-,全国,,2016-01-20
86985,弹簧钢,60Si2Mn,热轧,Φ5.5-14,沙钢,4000,-,全国,,2016-01-18
86990,弹簧钢,60Si2Mn,热轧,Φ6.5-12,南钢,3560,-,全国,,2016-03-11
87005,弹簧钢,60Si2Mn,热轧,Φ5.5-14,沙钢,3600,-,全国,,2016-03-09
87006,弹簧钢,60Si2Mn,热轧,Φ13-180,南钢,3660,-,全国,,2016-03-09
87008,弹簧钢,60Si2Mn,热轧,Φ5.5-14,沙钢,4000,-,全国,,2016-01-13
87014,弹簧钢,60Si2Mn,热轧,Φ5.5-14,沙钢,4000,-,全国,,2016-01-12
87017,弹簧钢,60Si2Mn,热轧,Φ5.5-14,沙钢,3900,-100,全国,,2016-01-20
87018,弹簧钢,60Si2Mn,热轧,Φ13-180,南钢,3660,-,全国,,2016-01-20
87020,弹簧钢,60Si2Mn,热轧,Φ5.5-14,沙钢,4000,-,全国,,2016-01-14
87027,弹簧钢,60Si2Mn,热轧,Φ5.5-14,沙钢,3600,-,全国,,2016-03-11
87028,弹簧钢,60Si2Mn,热轧,Φ13-180,南钢,3660,-,全国,,2016-03-11
87076,弹簧钢,60Si2Mn,热轧,Φ5.5-14,沙钢,4000,-,全国,,2016-01-08
87142,弹簧钢,60Si2Mn,热轧,Φ5.5-14,沙钢,4000,-,全国,,2016-01-11
87218,弹簧钢,60Si2Mn,热轧,Φ6.5-12,南钢,3560,-,全国,,2016-02-22
87219,弹簧钢,60Si2Mn,热轧,Φ5.5-14,沙钢,3700,-,全国,,2016-02-22
87220,弹簧钢,60Si2Mn,热轧,Φ13-180,南钢,3660,-,全国,,2016-02-22
87243,弹簧钢,60Si2Mn,热轧,Φ6.5-12,南钢,3560,-,全国,,2016-02-19
87246,弹簧钢,60Si2Mn,热轧,Φ5.5-14,沙钢,3700,-,全国,,2016-02-19
87247,弹簧钢,60Si2Mn,热轧,Φ13-180,南钢,3660,-,全国,,2016-02-19
87249,弹簧钢,60Si2Mn,热轧,Φ6.5-12,南钢,3560,-,全国,,2016-02-17
87252,弹簧钢,60Si2Mn,热轧,Φ5.5-14,沙钢,3700,-,全国,,2016-02-17
87253,弹簧钢,60Si2Mn,热轧,Φ13-180,南钢,3660,-,全国,,2016-02-17
87284,弹簧钢,60Si2Mn,热轧,Φ6.5-12,南钢,3560,-,全国,,2016-02-18
87285,弹簧钢,60Si2Mn,热轧,Φ5.5-14,沙钢,3700,-,全国,,2016-02-18
87289,弹簧钢,60Si2Mn,热轧,Φ13-180,南钢,3660,-,全国,,2016-02-18
87295,弹簧钢,60Si2Mn,热轧,Φ6.5-12,南钢,3560,-,全国,,2016-02-16
87298,弹簧钢,60Si2Mn,热轧,Φ5.5-14,沙钢,3700,-50,全国,,2016-02-16
87299,弹簧钢,60Si2Mn,热轧,Φ13-180,南钢,3660,-,全国,,2016-02-16
87340,弹簧钢,60Si2Mn,热轧,Φ6.5-12,南钢,3560,-,全国,,2016-02-05
87349,弹簧钢,60Si2Mn,热轧,Φ5.5-14,沙钢,3750,-,全国,,2016-02-05
87350,弹簧钢,60Si2Mn,热轧,Φ13-180,南钢,3660,-,全国,,2016-02-05
87353,弹簧钢,60Si2Mn,热轧,Φ6.5-12,南钢,3560,-,全国,,2016-02-04
87354,弹簧钢,60Si2Mn,热轧,Φ5.5-14,沙钢,3750,-,全国,,2016-02-04
87356,弹簧钢,60Si2Mn,热轧,Φ6.5-12,南钢,4040,-,全国,,2016-05-30
87357,弹簧钢,60Si2Mn,热轧,Φ5.5-14,沙钢,3170,-,全国,,2016-05-30
87361,弹簧钢,60Si2Mn,热轧,Φ6.5-12,南钢,4040,-,全国,,2016-05-27
87365,弹簧钢,60Si2Mn,热轧,Φ6.5-12,南钢,3560,-,全国,,2016-02-06
87366,弹簧钢,60Si2Mn,热轧,Φ13-180,南钢,3660,-,全国,,2016-02-04
87368,弹簧钢,60Si2Mn,热轧,Φ13-180,南钢,4240,-,全国,,2016-05-30
87372,弹簧钢,60Si2Mn,热轧,Φ5.5-14,沙钢,3170,-,全国,,2016-05-27
87373,弹簧钢,60Si2Mn,热轧,Φ13-180,南钢,4240,-,全国,,2016-05-27
87376,弹簧钢,60Si2Mn,热轧,Φ5.5-14,沙钢,3750,-,全国,,2016-02-06
87377,弹簧钢,60Si2Mn,热轧,Φ13-180,南钢,3660,-,全国,,2016-02-06
87383,弹簧钢,60Si2Mn,热轧,Φ6.5-12,南钢,3560,-,全国,,2016-02-15
87396,弹簧钢,60Si2Mn,热轧,Φ5.5-14,沙钢,3750,-,全国,,2016-02-15
87397,弹簧钢,60Si2Mn,热轧,Φ13-180,南钢,3660,-,全国,,2016-02-15
87453,弹簧钢,60Si2Mn,热轧,Φ6.5-12,南钢,3560,-,全国,,2016-02-14
87454,弹簧钢,60Si2Mn,热轧,Φ5.5-14,沙钢,3750,-,全国,,2016-02-14
87459,弹簧钢,60Si2Mn,热轧,Φ6.5-12,南钢,4040,-,全国,,2016-05-26
87460,弹簧钢,60Si2Mn,热轧,Φ5.5-14,沙钢,3170,-,全国,,2016-05-26
87466,弹簧钢,60Si2Mn,热轧,Φ13-180,南钢,3660,-,全国,,2016-02-14
87469,弹簧钢,60Si2Mn,热轧,Φ6.5-12,南钢,4040,-,全国,,2016-05-25
87472,弹簧钢,60Si2Mn,热轧,Φ13-180,南钢,4240,-,全国,,2016-05-26
87482,弹簧钢,60Si2Mn,热轧,Φ5.5-14,沙钢,3170,-,全国,,2016-05-25
87483,弹簧钢,60Si2Mn,热轧,Φ13-180,南钢,4240,-,全国,,2016-05-25
87515,弹簧钢,60Si2Mn,热轧,Φ6.5-12,南钢,4040,-,全国,,2016-05-24
87516,弹簧钢,60Si2Mn,热轧,Φ5.5-14,沙钢,3170,-,全国,,2016-05-24
87528,弹簧钢,60Si2Mn,热轧,Φ13-180,南钢,4240,-,全国,,2016-05-24
87951,弹簧钢,60Si2Mn,热轧,Φ6.5-12,南钢,4040,-,全国,,2016-05-23
87952,弹簧钢,60Si2Mn,热轧,Φ5.5-14,沙钢,3170,-,全国,,2016-05-23
87953,弹簧钢,60Si2Mn,热轧,Φ13-180,南钢,4240,-,全国,,2016-05-23
87970,弹簧钢,60Si2Mn,热轧,Φ6.5-12,南钢,4040,-,全国,,2016-05-20
87976,弹簧钢,60Si2Mn,热轧,Φ5.5-14,沙钢,3170,-,全国,,2016-05-20
87977,弹簧钢,60Si2Mn,热轧,Φ13-180,南钢,4240,-,全国,,2016-05-20
87994,弹簧钢,60Si2Mn,热轧,Φ6.5-12,南钢,4040,-,全国,,2016-05-20
87995,弹簧钢,60Si2Mn,热轧,Φ5.5-14,沙钢,3170,-,全国,,2016-05-20
87999,弹簧钢,60Si2Mn,热轧,Φ13-180,南钢,4240,-,全国,,2016-05-20
88067,弹簧钢,60Si2Mn,热轧,Φ6.5-12,南钢,4040,-,全国,,2016-05-19
88068,弹簧钢,60Si2Mn,热轧,Φ5.5-14,沙钢,3170,-,全国,,2016-05-19
88070,弹簧钢,60Si2Mn,热轧,Φ6.5-12,南钢,4040,-,全国,,2016-05-20
88071,弹簧钢,60Si2Mn,热轧,Φ5.5-14,沙钢,3170,-,全国,,2016-05-20
88078,弹簧钢,60Si2Mn,热轧,Φ13-180,南钢,4240,-,全国,,2016-05-19
88080,弹簧钢,60Si2Mn,热轧,Φ13-180,南钢,4240,-,全国,,2016-05-20
88123,弹簧钢,60Si2Mn,热轧,Φ6.5-12,南钢,3600,-,全国,,2016-07-26
88124,弹簧钢,60Si2Mn,热轧,Φ13-180,南钢,3800,-,全国,,2016-07-26
88125,弹簧钢,60Si2Mn,热轧,Φ6.5-12,南钢,3540,-,全国,,2016-07-21
88126,弹簧钢,60Si2Mn,热轧,Φ13-180,南钢,3740,-,全国,,2016-07-21
88135,弹簧钢,60Si2Mn,热轧,Φ6.5-12,南钢,3540,-,全国,,2016-07-19
88142,弹簧钢,60Si2Mn,热轧,Φ6.5-12,南钢,3600,-,全国,,2016-07-25
88143,弹簧钢,60Si2Mn,热轧,Φ13-180,南钢,3800,-,全国,,2016-07-25
88154,弹簧钢,60Si2Mn,热轧,Φ13-180,南钢,3740,-,全国,,2016-07-19
88172,弹簧钢,60Si2Mn,热轧,Φ6.5-12,南钢,3540,-,全国,,2016-07-18
88173,弹簧钢,60Si2Mn,热轧,Φ13-180,南钢,3740,-,全国,,2016-07-18
88177,弹簧钢,60Si2Mn,热轧,Φ6.5-12,南钢,3540,-,全国,,2016-07-15
88205,弹簧钢,60Si2Mn,热轧,Φ13-180,南钢,3740,-,全国,,2016-07-15
88216,弹簧钢,60Si2Mn,热轧,Φ6.5-12,南钢,3540,-,全国,,2016-07-13
88217,弹簧钢,60Si2Mn,热轧,Φ13-180,南钢,3740,-,全国,,2016-07-13
88224,弹簧钢,60Si2Mn,热轧,Φ6.5-12,南钢,3600,+60,全国,,2016-07-22
88251,弹簧钢,60Si2Mn,热轧,Φ13-180,南钢,3800,+60,全国,,2016-07-22
88294,弹簧钢,60Si2Mn,热轧,Φ6.5-12,南钢,3540,-,全国,,2016-07-14
88295,弹簧钢,60Si2Mn,热轧,Φ13-180,南钢,3740,-,全国,,2016-07-14
88315,弹簧钢,60Si2Mn,热轧,Φ6.5-12,南钢,3840,-,全国,,2016-06-14
88334,弹簧钢,60Si2Mn,热轧,Φ13-180,南钢,4040,-,全国,,2016-06-14
88416,弹簧钢,60Si2Mn,热轧,Φ6.5-12,南钢,3540,-,全国,,2016-07-20
88417,弹簧钢,60Si2Mn,热轧,Φ13-180,南钢,3740,-,全国,,2016-07-20
88435,弹簧钢,60Si2Mn,热轧,Φ6.5-12,南钢,3840,-,全国,,2016-06-13
88438,弹簧钢,60Si2Mn,热轧,Φ6.5-12,南钢,3840,-,全国,,2016-06-07
88442,弹簧钢,60Si2Mn,热轧,Φ13-180,南钢,4040,-,全国,,2016-06-13
88445,弹簧钢,60Si2Mn,热轧,Φ13-180,南钢,4040,-,全国,,2016-06-07
88450,弹簧钢,60Si2Mn,热轧,Φ6.5-12,南钢,3840,-,全国,,2016-06-06
88451,弹簧钢,60Si2Mn,热轧,Φ13-180,南钢,4040,-,全国,,2016-06-06
88452,弹簧钢,60Si2Mn,热轧,Φ6.5-12,南钢,3840,-,全国,,2016-06-12
88453,弹簧钢,60Si2Mn,热轧,Φ13-180,南钢,4040,-,全国,,2016-06-12
88481,弹簧钢,60Si2Mn,热轧,Φ6.5-12,南钢,3840,-200,全国,,2016-06-03
88496,弹簧钢,60Si2Mn,热轧,Φ13-180,南钢,4040,-200,全国,,2016-06-03
88537,弹簧钢,60Si2Mn,热轧,Φ6.5-12,南钢,4040,-,全国,,2016-06-02
88557,弹簧钢,60Si2Mn,热轧,Φ13-180,南钢,4240,-,全国,,2016-06-02
88573,弹簧钢,60Si2Mn,热轧,Φ6.5-12,南钢,4040,-,全国,,2016-06-01
88591,弹簧钢,60Si2Mn,热轧,Φ5.5-14,沙钢,3170,-,全国,,2016-06-01
88592,弹簧钢,60Si2Mn,热轧,Φ13-180,南钢,4240,-,全国,,2016-06-01
88605,弹簧钢,60Si2Mn,热轧,Φ6.5-12,南钢,3840,-,全国,,2016-06-08
88620,弹簧钢,60Si2Mn,热轧,Φ13-180,南钢,4040,-,全国,,2016-06-08
88658,弹簧钢,60Si2Mn,热轧,Φ6.5-12,南钢,3640,-,全国,,2016-04-15
88672,弹簧钢,60Si2Mn,热轧,Φ5.5-14,沙钢,3070,-,全国,,2016-04-15
88673,弹簧钢,60Si2Mn,热轧,Φ13-180,南钢,3840,-,全国,,2016-04-15
88694,弹簧钢,60Si2Mn,热轧,Φ6.5-12,南钢,3640,-,全国,,2016-04-18
88695,弹簧钢,60Si2Mn,热轧,Φ5.5-14,沙钢,3070,-,全国,,2016-04-18
88707,弹簧钢,60Si2Mn,热轧,Φ6.5-12,南钢,3640,+100,全国,,2016-04-14
88715,弹簧钢,60Si2Mn,热轧,Φ13-180,南钢,3840,-,全国,,2016-04-18
88721,弹簧钢,60Si2Mn,热轧,Φ5.5-14,沙钢,3070,-,全国,,2016-04-14
88722,弹簧钢,60Si2Mn,热轧,Φ13-180,南钢,3840,+100,全国,,2016-04-14
88728,弹簧钢,60Si2Mn,热轧,Φ6.5-12,南钢,3640,-,全国,,2016-04-19
88741,弹簧钢,60Si2Mn,热轧,Φ6.5-12,南钢,3540,-,全国,,2016-04-08
88744,弹簧钢,60Si2Mn,热轧,Φ5.5-14,沙钢,3070,-,全国,,2016-04-19
88745,弹簧钢,60Si2Mn,热轧,Φ13-180,南钢,3840,-,全国,,2016-04-19
88747,弹簧钢,60Si2Mn,热轧,Φ6.5-12,南钢,3540,-,全国,,2016-04-12
88752,弹簧钢,60Si2Mn,热轧,Φ6.5-12,南钢,3540,-,全国,,2016-04-13
88753,弹簧钢,60Si2Mn,热轧,Φ5.5-14,沙钢,3070,-,全国,,2016-04-13
88757,弹簧钢,60Si2Mn,热轧,Φ5.5-14,沙钢,3000,-,全国,,2016-04-08
88758,弹簧钢,60Si2Mn,热轧,Φ13-180,南钢,3740,-,全国,,2016-04-08
88765,弹簧钢,60Si2Mn,热轧,Φ5.5-14,沙钢,3070,+70,全国,,2016-04-12
88766,弹簧钢,60Si2Mn,热轧,Φ13-180,南钢,3740,-,全国,,2016-04-12
88769,弹簧钢,60Si2Mn,热轧,Φ13-180,南钢,3740,-,全国,,2016-04-13
88776,弹簧钢,60Si2Mn,热轧,Φ6.5-12,南钢,3540,-,全国,,2016-04-11
88777,弹簧钢,60Si2Mn,热轧,Φ5.5-14,沙钢,3000,-,全国,,2016-04-11
88796,弹簧钢,60Si2Mn,热轧,Φ13-180,南钢,3740,-,全国,,2016-04-11
88812,弹簧钢,60Si2Mn,热轧,Φ6.5-12,南钢,3540,-,全国,,2016-04-06
88815,弹簧钢,60Si2Mn,热轧,Φ6.5-12,南钢,3540,-,全国,,2016-04-07
88826,弹簧钢,60Si2Mn,热轧,Φ5.5-14,沙钢,3000,-100,全国,,2016-04-06
88827,弹簧钢,60Si2Mn,热轧,Φ13-180,南钢,3740,-,全国,,2016-04-06
88830,弹簧钢,60Si2Mn,热轧,Φ5.5-14,沙钢,3000,-,全国,,2016-04-07
88831,弹簧钢,60Si2Mn,热轧,Φ13-180,南钢,3740,-,全国,,2016-04-07
88901,弹簧钢,60Si2Mn,热轧,Φ6.5-12,南钢,4040,-,全国,,2016-05-31
88912,弹簧钢,60Si2Mn,热轧,Φ5.5-14,沙钢,3170,-,全国,,2016-05-31
88913,弹簧钢,60Si2Mn,热轧,Φ13-180,南钢,4240,-,全国,,2016-05-31
88915,弹簧钢,60Si2Mn,热轧,Φ6.5-12,南钢,3540,-,全国,,2016-04-01
88919,弹簧钢,60Si2Mn,热轧,Φ6.5-12,南钢,3540,-,全国,,2016-04-05
88929,弹簧钢,60Si2Mn,热轧,Φ5.5-14,沙钢,3100,-,全国,,2016-04-01
88931,弹簧钢,60Si2Mn,热轧,Φ5.5-14,沙钢,3100,-,全国,,2016-04-05
88932,弹簧钢,60Si2Mn,热轧,Φ13-180,南钢,3740,-,全国,,2016-04-05
88940,弹簧钢,60Si2Mn,热轧,Φ13-180,南钢,3740,-,全国,,2016-04-01
88955,弹簧钢,60Si2Mn,热轧,Φ6.5-12,南钢,3540,-,全国,,2016-03-29
88956,弹簧钢,60Si2Mn,热轧,Φ5.5-14,沙钢,3200,-100,全国,,2016-03-29
88957,弹簧钢,60Si2Mn,热轧,Φ13-180,南钢,3740,-,全国,,2016-03-29
88962,弹簧钢,60Si2Mn,热轧,Φ6.5-12,南钢,3540,-,全国,,2016-03-31
88964,弹簧钢,60Si2Mn,热轧,Φ6.5-12,南钢,3540,-,全国,,2016-03-28
88979,弹簧钢,60Si2Mn,热轧,Φ5.5-14,沙钢,3100,-,全国,,2016-03-31
88980,弹簧钢,60Si2Mn,热轧,Φ13-180,南钢,3740,-,全国,,2016-03-31
88981,弹簧钢,60Si2Mn,热轧,Φ5.5-14,沙钢,3300,-100,全国,,2016-03-28
88982,弹簧钢,60Si2Mn,热轧,Φ13-180,南钢,3740,-,全国,,2016-03-28
89027,弹簧钢,60Si2Mn,热轧,Φ6.5-12,南钢,3460,-100,全国,,2016-03-23
89028,弹簧钢,60Si2Mn,热轧,Φ5.5-14,沙钢,3500,-100,全国,,2016-03-23
89033,弹簧钢,60Si2Mn,热轧,Φ6.5-12,南钢,3540,-,全国,,2016-03-30
89034,弹簧钢,60Si2Mn,热轧,Φ5.5-14,沙钢,3100,-100,全国,,2016-03-30
89041,弹簧钢,60Si2Mn,热轧,Φ6.5-12,南钢,4040,-,全国,,2016-05-17
89057,弹簧钢,60Si2Mn,热轧,Φ13-180,南钢,3660,-,全国,,2016-03-23
89069,弹簧钢,60Si2Mn,热轧,Φ13-180,南钢,3740,-,全国,,2016-03-30
89077,弹簧钢,60Si2Mn,热轧,Φ6.5-12,南钢,3540,+80,全国,,2016-03-25
89080,弹簧钢,60Si2Mn,热轧,Φ5.5-14,沙钢,3170,-,全国,,2016-05-17
89081,弹簧钢,60Si2Mn,热轧,Φ13-180,南钢,4240,-,全国,,2016-05-17
89086,弹簧钢,60Si2Mn,热轧,Φ6.5-12,南钢,3460,-,全国,,2016-03-24
89087,弹簧钢,60Si2Mn,热轧,Φ5.5-14,沙钢,3400,-100,全国,,2016-03-24
89107,弹簧钢,60Si2Mn,热轧,Φ5.5-14,沙钢,3400,-,全国,,2016-03-25
89108,弹簧钢,60Si2Mn,热轧,Φ13-180,南钢,3740,+80,全国,,2016-03-25
89114,弹簧钢,60Si2Mn,热轧,Φ6.5-12,南钢,4040,-,全国,,2016-05-18
89115,弹簧钢,60Si2Mn,热轧,Φ6.5-12,南钢,4040,-,全国,,2016-05-16
89116,弹簧钢,60Si2Mn,热轧,Φ5.5-14,沙钢,3170,-,全国,,2016-05-16
89117,弹簧钢,60Si2Mn,热轧,Φ13-180,南钢,3660,-,全国,,2016-03-24
89127,弹簧钢,60Si2Mn,热轧,Φ6.5-12,南钢,4040,-,全国,,2016-05-06
89133,弹簧钢,60Si2Mn,热轧,Φ6.5-12,南钢,4040,-,全国,,2016-05-11
89134,弹簧钢,60Si2Mn,热轧,Φ5.5-14,沙钢,3070,-,全国,,2016-05-11
89145,弹簧钢,60Si2Mn,热轧,Φ6.5-12,南钢,4040,-,全国,,2016-05-13
89148,弹簧钢,60Si2Mn,热轧,Φ5.5-14,沙钢,3170,-,全国,,2016-05-18
89149,弹簧钢,60Si2Mn,热轧,Φ13-180,南钢,4240,-,全国,,2016-05-18
89150,弹簧钢,60Si2Mn,热轧,Φ13-180,南钢,4240,-,全国,,2016-05-16
89162,弹簧钢,60Si2Mn,热轧,Φ5.5-14,沙钢,3070,-,全国,,2016-05-06
89163,弹簧钢,60Si2Mn,热轧,Φ13-180,南钢,4240,-,全国,,2016-05-06
89170,弹簧钢,60Si2Mn,热轧,Φ13-180,南钢,4240,-,全国,,2016-05-11
89173,弹簧钢,60Si2Mn,热轧,Φ6.5-12,南钢,4040,-,全国,,2016-05-09
89177,弹簧钢,60Si2Mn,热轧,Φ6.5-12,南钢,4040,-,全国,,2016-05-12
89179,弹簧钢,60Si2Mn,热轧,Φ5.5-14,沙钢,3170,-,全国,,2016-05-13
89201,弹簧钢,60Si2Mn,热轧,Φ5.5-14,沙钢,3070,-,全国,,2016-05-09
89202,弹簧钢,60Si2Mn,热轧,Φ13-180,南钢,4240,-,全国,,2016-05-09
89204,弹簧钢,60Si2Mn,热轧,Φ6.5-12,南钢,4040,-,全国,,2016-05-10
89205,弹簧钢,60Si2Mn,热轧,Φ5.5-14,沙钢,3070,-,全国,,2016-05-10
89206,弹簧钢,60Si2Mn,热轧,Φ5.5-14,沙钢,3170,+100,全国,,2016-05-12
89209,弹簧钢,60Si2Mn,热轧,Φ13-180,南钢,4240,-,全国,,2016-05-13
89240,弹簧钢,60Si2Mn,热轧,Φ13-180,南钢,4240,-,全国,,2016-05-10
89242,弹簧钢,60Si2Mn,热轧,Φ13-180,南钢,4240,-,全国,,2016-05-12
89267,弹簧钢,60Si2Mn,热轧,Φ6.5-12,南钢,4040,-,全国,,2016-05-05
89268,弹簧钢,60Si2Mn,热轧,Φ5.5-14,沙钢,3070,-,全国,,2016-05-05
89301,弹簧钢,60Si2Mn,热轧,Φ6.5-12,南钢,3840,-,全国,,2016-06-28
89302,弹簧钢,60Si2Mn,热轧,Φ13-180,南钢,4040,-,全国,,2016-06-28
89308,弹簧钢,60Si2Mn,热轧,Φ13-180,南钢,4240,-,全国,,2016-05-05
89352,弹簧钢,60Si2Mn,热轧,Φ6.5-12,南钢,3840,-,全国,,2016-06-27
89392,弹簧钢,60Si2Mn,热轧,Φ13-180,南钢,4040,-,全国,,2016-06-27
89422,弹簧钢,60Si2Mn,热轧,Φ6.5-12,南钢,3840,-,全国,,2016-06-21
89431,弹簧钢,60Si2Mn,热轧,Φ6.5-12,南钢,3840,-,全国,,2016-06-24
89432,弹簧钢,60Si2Mn,热轧,Φ13-180,南钢,4040,-,全国,,2016-06-24
89461,弹簧钢,60Si2Mn,热轧,Φ13-180,南钢,4040,-,全国,,2016-06-21
89463,弹簧钢,60Si2Mn,热轧,Φ6.5-12,南钢,3840,-,全国,,2016-06-22
89464,弹簧钢,60Si2Mn,热轧,Φ6.5-12,南钢,3840,-,全国,,2016-06-23
89465,弹簧钢,60Si2Mn,热轧,Φ13-180,南钢,4040,-,全国,,2016-06-23
89474,弹簧钢,60Si2Mn,热轧,Φ6.5-12,南钢,4040,-,全国,,2016-05-04
89481,弹簧钢,60Si2Mn,热轧,Φ6.5-12,南钢,3840,-,全国,,2016-06-16
89482,弹簧钢,60Si2Mn,热轧,Φ13-180,南钢,4040,-,全国,,2016-06-16
89487,弹簧钢,60Si2Mn,热轧,Φ6.5-12,南钢,3840,-,全国,,2016-06-17
89496,弹簧钢,60Si2Mn,热轧,Φ13-180,南钢,4040,-,全国,,2016-06-22
89510,弹簧钢,60Si2Mn,热轧,Φ5.5-14,沙钢,3070,-,全国,,2016-05-04
89511,弹簧钢,60Si2Mn,热轧,Φ13-180,南钢,4240,-,全国,,2016-05-04
89515,弹簧钢,60Si2Mn,热轧,Φ6.5-12,南钢,4040,-,全国,,2016-04-27
89516,弹簧钢,60Si2Mn,热轧,Φ5.5-14,沙钢,3070,-,全国,,2016-04-27
89518,弹簧钢,60Si2Mn,热轧,Φ6.5-12,南钢,4040,+400,全国,,2016-04-26
89523,弹簧钢,60Si2Mn,热轧,Φ6.5-12,南钢,3840,-,全国,,2016-06-20
89524,弹簧钢,60Si2Mn,热轧,Φ13-180,南钢,4040,-,全国,,2016-06-20
89526,弹簧钢,60Si2Mn,热轧,Φ13-180,南钢,4040,-,全国,,2016-06-17
89547,弹簧钢,60Si2Mn,热轧,Φ13-180,南钢,4240,-,全国,,2016-04-27
89548,弹簧钢,60Si2Mn,热轧,Φ5.5-14,沙钢,3070,-,全国,,2016-04-26
89549,弹簧钢,60Si2Mn,热轧,Φ13-180,南钢,4240,+400,全国,,2016-04-26
89563,弹簧钢,60Si2Mn,热轧,Φ6.5-12,南钢,4040,-,全国,,2016-05-03
89601,弹簧钢,60Si2Mn,热轧,Φ5.5-14,沙钢,3070,-,全国,,2016-05-03
89602,弹簧钢,60Si2Mn,热轧,Φ13-180,南钢,4240,-,全国,,2016-05-03
89622,弹簧钢,60Si2Mn,热轧,Φ6.5-12,南钢,4040,-,全国,,2016-04-28
89658,弹簧钢,60Si2Mn,热轧,Φ5.5-14,沙钢,3070,-,全国,,2016-04-28
89659,弹簧钢,60Si2Mn,热轧,Φ13-180,南钢,4240,-,全国,,2016-04-28
89664,弹簧钢,60Si2Mn,热轧,Φ6.5-12,南钢,3640,-,全国,,2016-04-22
89665,弹簧钢,60Si2Mn,热轧,Φ5.5-14,沙钢,3070,-,全国,,2016-04-22
89671,弹簧钢,60Si2Mn,热轧,Φ6.5-12,南钢,4040,-,全国,,2016-04-29
89673,弹簧钢,60Si2Mn,热轧,Φ6.5-12,南钢,3640,-,全国,,2016-04-20
89676,弹簧钢,60Si2Mn,热轧,Φ6.5-12,南钢,3640,-,全国,,2016-04-25
89702,弹簧钢,60Si2Mn,热轧,Φ13-180,南钢,3840,-,全国,,2016-04-22
89703,弹簧钢,60Si2Mn,热轧,Φ6.5-12,南钢,3640,-,全国,,2016-04-21
89705,弹簧钢,60Si2Mn,热轧,Φ5.5-14,沙钢,3070,-,全国,,2016-04-29
89706,弹簧钢,60Si2Mn,热轧,Φ5.5-14,沙钢,3070,-,全国,,2016-04-20
89707,弹簧钢,60Si2Mn,热轧,Φ13-180,南钢,3840,-,全国,,2016-04-20
89709,弹簧钢,60Si2Mn,热轧,Φ5.5-14,沙钢,3070,-,全国,,2016-04-25
89710,弹簧钢,60Si2Mn,热轧,Φ13-180,南钢,3840,-,全国,,2016-04-25
89740,弹簧钢,60Si2Mn,热轧,Φ5.5-14,沙钢,3070,-,全国,,2016-04-21
89741,弹簧钢,60Si2Mn,热轧,Φ13-180,南钢,3840,-,全国,,2016-04-21
89744,弹簧钢,60Si2Mn,热轧,Φ13-180,南钢,4240,-,全国,,2016-04-29
113931,弹簧钢,60Si2Mn,热轧,Φ6.5-12,南钢,3560,-,全国,,2016-03-22
113932,弹簧钢,60Si2Mn,热轧,Φ5.5-14,沙钢,3600,-,全国,,2016-03-22
113933,弹簧钢,60Si2Mn,热轧,Φ13-180,南钢,3660,-,全国,,2016-03-22
